id,الدولة,الوحدة_الإدارية_العليا,المستوى_الثاني,المدينة_أو_القرية,الحي_أو_الحارة,الاسم_المحلي,الأسماء_البديلة,النوع,خط_العرض,خط_الطول,الارتفاع_م,السكان,سنة_السكان,المصدر,تاريخ_المصدر,درجة_الثقة,ملاحظات
IQ-BGD,العراق,بغداد,بغداد,بغداد,—,بغداد,مدينة السلام,محافظة+مدينة+عاصمة,33.3152,44.3661,34,9465000,2020,الجهاز المركزي للإحصاء العراقي,2020,🟢,العاصمة الاتحادية؛ 14 قضاء
IQ-BAS,العراق,البصرة,البصرة,البصرة,—,البصرة,البصرة,محافظة+مدينة,30.5085,47.7804,10,3896000,2020,الجهاز المركزي للإحصاء العراقي,2020,🟢,عاصمة نفط العراق + ميناء + ساحل
IQ-NIN,العراق,نينوى,الموصل,الموصل,—,الموصل,الموصل,محافظة+مدينة,36.3450,43.1450,220,5034000,2020,الجهاز المركزي للإحصاء العراقي,2020,🟢,آشور/نينوى؛ متنوعة قوميًا
IQ-SAL,العراق,صلاح الدين,تكريت,تكريت,—,تكريت,تكريت,محافظة+مدينة,34.6156,43.7787,140,1689000,2020,الجهاز المركزي للإحصاء العراقي,2020,🟢,موطن صدام حسين
IQ-DAH,العراق,دهوك,دهوك,دهوك,—,دهوك,دهوك/دهۆک,محافظة+مدينة (إقليم كردستان),36.8670,42.9500,550,1258700,2020,الجهاز المركزي للإحصاء العراقي,2020,🟢,كرمانجية
IQ-ARB,العراق,أربيل,أربيل,أربيل,—,أربيل,أربيل/هولير,محافظة+مدينة+عاصمة إقليم,36.1907,44.0093,410,2187700,2020,الجهاز المركزي للإحصاء العراقي,2020,🟢,عاصمة إقليم كردستان؛ قلعة أربيل تراث يونسكو
IQ-SUL,العراق,السليمانية,السليمانية,السليمانية,—,السليمانية,السليمانية/سلێمانی,محافظة+مدينة (إقليم كردستان),35.5620,45.4350,850,2492000,2020,الجهاز المركزي للإحصاء العراقي,2020,🟢,سورانية
IQ-KIR,العراق,كركوك,كركوك,كركوك,—,كركوك,كركوك,محافظة+مدينة,35.4681,44.3922,300,1715600,2020,الجهاز المركزي للإحصاء العراقي,2020,🟡,نفط + متنازَع عليها (المادة 140)
IQ-HAL,العراق,حلبجة,حلبجة,حلبجة,—,حلبجة,حلبجة/هه‌ڵهبجه,محافظة+مدينة (إقليم كردستان),35.1786,46.1536,580,118000,2020,الجهاز المركزي للإحصاء العراقي,2020,🟢,استُحدثت 2014 (الـ19)
IQ-DYA,العراق,ديالى,بعقوبة,بعقوبة,—,بعقوبة,بعقوبة,محافظة+مدينة,33.7586,44.6015,140,1848000,2020,الجهاز المركزي للإحصاء العراقي,2020,🟢,حدود إيران + متنوعة
IQ-ANB,العراق,الأنبار,الرمادي,الرمادي,—,الرمادي,الرمادي/الدليم سابقًا,محافظة+مدينة,33.4222,43.3089,100,2091000,2020,الجهاز المركزي للإحصاء العراقي,2020,🟢,أكبر المحافظات مساحة (138501 كم²)؛ بادية
IQ-WAS,العراق,واسط,الكوت,الكوت,—,الكوت,الكوت,محافظة+مدينة,32.5164,45.8411,40,1360000,2020,الجهاز المركزي للإحصاء العراقي,2020,🟢,زراعية
IQ-BAB,العراق,بابل,الحلة,الحلة,—,الحلة,الحلة,محافظة+مدينة,32.4760,44.3397,30,2364700,2020,الجهاز المركزي للإحصاء العراقي,2020,🟢,آثار بابل (تراث يونسكو)
IQ-KRB,العراق,كربلاء,كربلاء,كربلاء,—,كربلاء,كربلاء,محافظة+مدينة مقدسة,32.6160,44.0290,30,1390300,2020,الجهاز المركزي للإحصاء العراقي,2020,🟢,مرقد الإمام الحسين + الأربعين
IQ-NAJ,العراق,النجف,النجف,النجف,—,النجف,النجف/الكوفة,محافظة+مدينة مقدسة,31.9910,44.3360,70,1496000,2020,الجهاز المركزي للإحصاء العراقي,2020,🟢,مرقد الإمام علي + حوزة علمية
IQ-QAD,العراق,القادسية/الديوانية,الديوانية,الديوانية,—,الديوانية,الديوانية,محافظة+مدينة,31.9820,44.9240,20,1320000,2020,الجهاز المركزي للإحصاء العراقي,2020,🟢,زراعية
IQ-MAY,العراق,ميسان,العمارة,العمارة,—,العمارة,العمارة,محافظة+مدينة,31.8330,47.1440,10,1079644,2020,الجهاز المركزي للإحصاء العراقي,2020,🟢,أهوار + نفط + حدود إيران
IQ-MUT,العراق,المثنى,السماوة,السماوة,—,السماوة,السماوة,محافظة+مدينة,31.3000,45.3000,10,875900,2020,الجهاز المركزي للإحصاء العراقي,2020,🟢,صحراوية (51740 كم²)
IQ-DHQ,العراق,ذي قار,الناصرية,الناصرية,—,الناصرية,الناصرية,محافظة+مدينة,31.0539,46.2571,10,2459000,2020,الجهاز المركزي للإحصاء العراقي,2020,🟢,أور الأثرية + أهوار
IQ-CITY-الموصل,العراق,نينوى,الموصل,الموصل,—,الموصل,Al-Mawṣil,مدينة,36.3450,43.1450,220,1529384,2024,تعداد 25 نوفمبر 2024 COSIT/citypopulation,2024,🟢,مدينة ≠ محافظة 4261980؛ ليست دهوك
IQ-CITY-تلعفر,العراق,نينوى,تلعفر,تلعفر,—,تلعفر,Talʿafar,مدينة,36.3760,42.4500,370,178457,2024,تعداد 25 نوفمبر 2024 COSIT/citypopulation,2024,🟢,غرب الموصل؛ ليست زاخو
IQ-CITY-البصرة,العراق,البصرة,البصرة,البصرة,—,البصرة,Al-Baṣrah,مدينة,30.5085,47.7804,5,1293052,2024,تعداد 25 نوفمبر 2024 COSIT/citypopulation,2024,🟢,مدينة ≠ محافظة 3664168؛ أور ليست هنا
IQ-CITY-الزبير,العراق,البصرة,الزبير,الزبير,—,الزبير,Az-Zubayr,مدينة,30.3920,47.7050,10,351185,2024,تعداد 25 نوفمبر 2024 COSIT/citypopulation,2024,🟢,غرب البصرة
IQ-CITY-أمقصر,العراق,البصرة,أم قصر,أم قصر,—,أم قصر,Umm Qaṣr,مدينة,30.0360,47.9200,5,53179,2024,تعداد 25 نوفمبر 2024 COSIT/citypopulation,2024,🟢,ميناء؛ ليست الناصرية
IQ-CITY-أربيل,العراق,أربيل,أربيل,أربيل,—,أربيل,هولير/Hewlêr,مدينة,36.1907,44.0093,410,1001219,2024,تعداد 25 نوفمبر 2024 COSIT/citypopulation,2024,🟢,عاصمة الإقليم؛ قلعة يونسكو 2014
IQ-CITY-السليمانية,العراق,السليمانية,السليمانية,السليمانية,—,السليمانية,سلێمانی,مدينة,35.5620,45.4350,850,828850,2024,تعداد 25 نوفمبر 2024 COSIT/citypopulation,2024,🟢,ليست حلبجة
IQ-CITY-دهوك,العراق,دهوك,دهوك,دهوك,—,دهوك,دهۆک,مدينة,36.8670,42.9500,550,452967,2024,تعداد 25 نوفمبر 2024 COSIT/citypopulation,2024,🟢,سميل هنا لا نينوى
IQ-CITY-زاخو,العراق,دهوك,زاخو,زاخو,—,زاخو,Zākhū,مدينة,37.1440,42.6820,440,297254,2024,تعداد 25 نوفمبر 2024 COSIT/citypopulation,2024,🟢,حدود تركيا؛ ليست تلعفر
IQ-CITY-حلبجة,العراق,حلبجة,حلبجة,حلبجة,—,حلبجة,هه‌ڵه‌بجه,مدينة,35.1786,46.1536,580,75922,2024,تعداد 25 نوفمبر 2024 COSIT/citypopulation,2024,🟢,محافظة 2014؛ 1988 موثّق
IQ-CITY-كركوك,العراق,كركوك,كركوك,كركوك,—,كركوك,Kirkūk,مدينة,35.4681,44.3922,350,1249197,2024,تعداد 25 نوفمبر 2024 COSIT/citypopulation,2024,🟢,مادة 140 بحياد
IQ-CITY-النجف,العراق,النجف,النجف,النجف,—,النجف,An-Najaf,مدينة,31.9960,44.3150,70,830664,2024,تعداد 25 نوفمبر 2024 COSIT/citypopulation,2024,🟢,علي والحوزة؛ ليست كربلاء
IQ-CITY-الكوفة,العراق,النجف,الكوفة,الكوفة,—,الكوفة,Al-Kūfah,مدينة,32.0340,44.4000,30,149217,2024,تعداد 25 نوفمبر 2024 COSIT/citypopulation,2024,🟢,مسجد الكوفة؛ ليست النجف المدينة
IQ-CITY-كربلاء,العراق,كربلاء,كربلاء,كربلاء,—,كربلاء,Karbalāʾ,مدينة,32.6160,44.0250,30,784219,2024,تعداد 25 نوفمبر 2024 COSIT/citypopulation,2024,🟢,الحسين والعباس؛ ليست النجف
IQ-CITY-الحلة,العراق,بابل,الحلة,الحلة,—,الحلة,Al-Ḥillah,مدينة,32.4790,44.4330,30,470917,2024,تعداد 25 نوفمبر 2024 COSIT/citypopulation,2024,🟢,آثار بابل هنا لا بغداد
IQ-CITY-الناصرية,العراق,ذي قار,الناصرية,الناصرية,—,الناصرية,An-Nāṣirīyah,مدينة,31.0539,46.2571,10,704976,2024,تعداد 25 نوفمبر 2024 COSIT/citypopulation,2024,🟢,أور هنا لا البصرة
IQ-CITY-الرمادي,العراق,الأنبار,الرمادي,الرمادي,—,الرمادي,Ar-Ramādī,مدينة,33.4260,43.3070,50,295105,2024,تعداد 25 نوفمبر 2024 COSIT/citypopulation,2024,🟢,مركز الأنبار؛ ليست الفلوجة
IQ-CITY-الفلوجة,العراق,الأنبار,الفلوجة,الفلوجة,—,الفلوجة,Al-Fallūjah,مدينة,33.3510,43.7860,45,308457,2024,تعداد 25 نوفمبر 2024 COSIT/citypopulation,2024,🟢,أكبر من الرمادي 2024
IQ-CITY-الكوت,العراق,واسط,الكوت,الكوت,—,الكوت,Al-Kūt,مدينة,32.5130,45.8180,20,506067,2024,تعداد 25 نوفمبر 2024 COSIT/citypopulation,2024,🟢,ليست العمارة
IQ-CITY-العمارة,العراق,ميسان,العمارة,العمارة,—,العمارة,Al-ʿAmārah,مدينة,31.8360,47.1450,10,668356,2024,تعداد 25 نوفمبر 2024 COSIT/citypopulation,2024,🟢,أهوار؛ أور ليست هنا
IQ-CITY-الديوانية,العراق,القادسية,الديوانية,الديوانية,—,الديوانية,Ad-Dīwānīyah,مدينة,31.9890,44.9250,20,396257,2024,تعداد 25 نوفمبر 2024 COSIT/citypopulation,2024,🟢,مركز القادسية
IQ-CITY-السماوة,العراق,المثنى,السماوة,السماوة,—,السماوة,As-Samāwah,مدينة,31.3320,45.2940,10,256689,2024,تعداد 25 نوفمبر 2024 COSIT/citypopulation,2024,🟢,ليست الناصرية
IQ-CITY-بعقوبة,العراق,ديالى,بعقوبة,بعقوبة,—,بعقوبة,Baʿqūbah,مدينة,33.7460,44.6440,50,385551,2024,تعداد 25 نوفمبر 2024 COSIT/citypopulation,2024,🟢,ليست بغداد
IQ-CITY-تكريت,العراق,صلاح الدين,تكريت,تكريت,—,تكريت,Tikrīt,مدينة,34.5970,43.6780,110,150628,2024,تعداد 25 نوفمبر 2024 COSIT/citypopulation,2024,🟢,المركز؛ سامراء أكبر 2024
IQ-CITY-سامراء,العراق,صلاح الدين,سامراء,سامراء,—,سامراء,Sāmarrāʾ,مدينة,34.1960,43.8850,80,203089,2024,تعداد 25 نوفمبر 2024 COSIT/citypopulation,2024,🟢,الملوية يونسكو؛ ليست بغداد
IQ-CITY-المحمودية,العراق,بغداد,المحمودية,المحمودية,—,المحمودية,Al-Maḥmūdīyah,مدينة,33.0620,44.3650,35,122384,2024,تعداد 25 نوفمبر 2024 COSIT/citypopulation,2024,🟢,محافظة بغداد لا ملف العاصمة
IQ-CITY-سنجار,العراق,نينوى,سنجار,سنجار,—,سنجار,شنگال/Sinjār,مدينة,36.3220,41.8630,520,26250,2024,تعداد 25 نوفمبر 2024 COSIT/citypopulation,2024,🟢,جبل سنجار؛ ليست دهوك ولا الموصل المدينة
IQ-CITY-خانقين,العراق,ديالى,خانقين,خانقين,—,خانقين,Khānaqīn,مدينة,34.3480,45.3870,180,101504,2024,تعداد 25 نوفمبر 2024 COSIT/citypopulation,2024,🟢,ديالى عند إيران؛ ليست السليمانية
IQ-CITY-الشطرة,العراق,ذي قار,الشطرة,الشطرة,—,الشطرة,Ash-Shaṭrah,مدينة,31.4090,46.1720,10,198705,2024,تعداد 25 نوفمبر 2024 COSIT/citypopulation,2024,🟢,شمال الناصرية؛ أور ليست هنا
IQ-CITY-بيجي,العراق,صلاح الدين,بيجي,بيجي,—,بيجي,Baījī,مدينة,34.9290,43.4930,110,61604,2024,تعداد 25 نوفمبر 2024 COSIT/citypopulation,2024,🟢,مصفاة الشمال؛ ليست تكريت ولا الموصل
IQ-CITY-القرنة,العراق,البصرة,القرنة,القرنة,—,القرنة,Al-Qurnah,مدينة,31.0160,47.4340,5,134174,2024,تعداد 25 نوفمبر 2024 COSIT/citypopulation,2024,🟢,ملتقى دجلة والفرات؛ أور ليست هنا
IQ-CITY-الفاو,العراق,البصرة,الفاو,الفاو,—,الفاو,Al-Fāw,مدينة,29.9740,48.4730,2,35765,2024,تعداد 25 نوفمبر 2024 COSIT/citypopulation,2024,🟢,شبه جزيرة الخليج؛ ليست أم قصر
IQ-CITY-سوران,العراق,أربيل,سوران,سوران,—,سوران,سۆران/Soran,مدينة,36.6550,44.5430,680,91589,2024,تعداد 25 نوفمبر 2024 COSIT/citypopulation,2024,🟢,أربيل الجبلية؛ ليست السليمانية
IQ-CITY-سميل,العراق,دهوك,سميل,سميل,—,سميل,سێمێل/Sêmêl,مدينة,36.8600,42.8470,480,152512,2024,تعداد 25 نوفمبر 2024 COSIT/citypopulation,2024,🟢,دهوك لا نينوى
IQ-CITY-سوقالشيوخ,العراق,ذي قار,سوق الشيوخ,سوق الشيوخ,—,سوق الشيوخ,Sūq ash-Shuyūkh,مدينة,30.8910,46.4680,5,143688,2024,تعداد 25 نوفمبر 2024 COSIT/citypopulation,2024,🟢,أهوار ذي قار؛ ليست البصرة
IQ-CITY-الحويجة,العراق,كركوك,الحويجة,الحويجة,—,الحويجة,Al-Ḥawījah,مدينة,35.3240,43.7690,200,38902,2024,تعداد 25 نوفمبر 2024 COSIT/citypopulation,2024,🟢,كركوك لا صلاح الدين
IQ-CITY-طوزخورماتو,العراق,صلاح الدين,طوز خورماتو,طوز خورماتو,—,طوز خورماتو,Ṭūz Khūrmātū,مدينة,34.8880,44.6400,220,120712,2024,تعداد 25 نوفمبر 2024 COSIT/citypopulation,2024,🟢,صلاح الدين لا كركوك؛ ليست تازة خورماتو
IQ-CITY-الرميثة,العراق,المثنى,الرميثة,الرميثة,—,الرميثة,Ar-Rumaythah,مدينة,31.5280,45.2040,10,89532,2024,تعداد 25 نوفمبر 2024 COSIT/citypopulation,2024,🟢,شمال السماوة؛ ليست الديوانية
IQ-CITY-حديثة,العراق,الأنبار,حديثة,حديثة,—,حديثة,Ḥadīthah,مدينة,34.1400,42.3770,110,56038,2024,تعداد 25 نوفمبر 2024 COSIT/citypopulation,2024,🟢,سد حديثة؛ ليست الرمادي
IQ-CITY-كويسنجق,العراق,أربيل,كويسنجق,كويسنجق,—,كويسنجق,كۆیە/Koya,مدينة,36.0830,44.6280,580,68379,2024,تعداد 25 نوفمبر 2024 COSIT/citypopulation,2024,🟢,أربيل لا السليمانية
IQ-CITY-رانية,العراق,السليمانية,رانية,رانية,—,رانية,ڕانیە/Ranya,مدينة,36.2550,44.8830,580,114173,2024,تعداد 25 نوفمبر 2024 COSIT/citypopulation,2024,🟢,دوكان؛ ليست أربيل
IQ-CITY-القائم,العراق,الأنبار,القائم,القائم,—,القائم,Al-Qāʾim,مدينة,34.3690,41.0940,175,87666,2024,تعداد 25 نوفمبر 2024 COSIT/citypopulation,2024,🟢,حدود سورية؛ ليست هيت
IQ-CITY-هيت,العراق,الأنبار,هيت,هيت,—,هيت,Hīt,مدينة,33.6370,42.8270,60,70052,2024,تعداد 25 نوفمبر 2024 COSIT/citypopulation,2024,🟢,فرات الأنبار؛ ليست القائم
IQ-CITY-المقدادية,العراق,ديالى,المقدادية,المقدادية,—,المقدادية,شهربان,مدينة,33.9790,44.9370,50,98006,2024,تعداد 25 نوفمبر 2024 COSIT/citypopulation,2024,🟢,ديالى؛ ليست بعقوبة المركز
IQ-CITY-الحي,العراق,واسط,الحي,الحي,—,الحي,Al-Ḥay,مدينة,32.1740,46.0430,15,83316,2024,تعداد 25 نوفمبر 2024 COSIT/citypopulation,2024,🟢,واسط لا الحلة
IQ-CITY-عفك,العراق,القادسية,عفك,عفك,—,عفك,ʿAfak,مدينة,32.0680,45.2480,20,39350,2024,تعداد 25 نوفمبر 2024 COSIT/citypopulation,2024,🟢,نفر في القضاء لا الديوانية المدينة
IQ-CITY-دربندخان,العراق,السليمانية,دربندخان,دربندخان,—,دربندخان,دەربەندیخان,مدينة,35.1120,45.6860,500,52113,2024,تعداد 25 نوفمبر 2024 COSIT/citypopulation,2024,🟢,السد 1961؛ ليست حلبجة ولا دوكان
IQ-CITY-الشرقاط,العراق,صلاح الدين,الشرقاط,الشرقاط,—,الشرقاط,Ash-Shirqāṭ,مدينة,35.5020,43.2370,150,67339,2024,تعداد 25 نوفمبر 2024 COSIT/citypopulation,2024,🟢,آشور يونسكو 2003؛ ليست الموصل
IQ-CITY-الجبايش,العراق,ذي قار,الجبايش,الجبايش,—,الجبايش,Chibayish,مدينة,30.9550,46.9750,3,46673,2024,تعداد 25 نوفمبر 2024 COSIT/citypopulation,2024,🟢,أهوار وسطى؛ ليست البصرة
IQ-CITY-أبوالخصيب,العراق,البصرة,أبو الخصيب,أبو الخصيب,—,أبو الخصيب,Abū al-Khaṣīb,مدينة,30.4530,47.9730,5,357771,2024,تعداد 25 نوفمبر 2024 COSIT/citypopulation,2024,🟡,حضري قضاء واسع؛ ليست أم قصر
IQ-CITY-المسيب,العراق,بابل,المسيب,المسيب,—,المسيب,Al-Musayyab,مدينة,32.7790,44.2900,30,101873,2024,تعداد 25 نوفمبر 2024 COSIT/citypopulation,2024,🟢,بابل لا الهندية كربلاء
IQ-CITY-الهندية,العراق,كربلاء,الهندية,الهندية,—,الهندية,طويريج,مدينة,32.5430,44.2190,30,139578,2024,تعداد 25 نوفمبر 2024 COSIT/citypopulation,2024,🟢,كربلاء لا المسيب
IQ-CITY-كلار,العراق,السليمانية,كلار,كلار,—,كلار,که‌لار/Kalar,مدينة,34.6290,45.3200,200,147530,2024,تعداد 25 نوفمبر 2024 COSIT/citypopulation,2024,🟢,كرميان؛ ليست كركوك
IQ-CITY-عقرة,العراق,دهوك,عقرة,عقرة,—,عقرة,ئاکرێ/Akrê,مدينة,36.7600,43.8940,650,105370,2024,تعداد 25 نوفمبر 2024 COSIT/citypopulation,2024,🟢,دهوك لا الموصل
IQ-CITY-شقلاوة,العراق,أربيل,شقلاوة,شقلاوة,—,شقلاوة,شەقڵاوە,مدينة,36.4040,44.3210,950,32599,2024,تعداد 25 نوفمبر 2024 COSIT/citypopulation,2024,🟢,أربيل لا محافظة صلاح الدين
IQ-CITY-مخمور,العراق,نينوى,مخمور,مخمور,—,مخمور,مەخموور,مدينة,35.7760,43.5980,270,26068,2024,تعداد 25 نوفمبر 2024 COSIT/citypopulation,2024,🟡,جداول 2024 نينوى؛ مادة 140 بحياد
IQ-CITY-العمادية,العراق,دهوك,العمادية,العمادية,—,العمادية,ئامێدی/Amedi,مدينة,37.0920,43.4870,1400,,,غير وارد في جدول الحضري فوق 20 ألف 2024,2024,🟡,دهوك؛ بلا رقم COSIT حضري 2024
IQ-CITY-عينالتمر,العراق,كربلاء,عين التمر,عين التمر,—,عين التمر,شثاثة,مدينة,32.5670,43.4920,40,27205,2024,تعداد 25 نوفمبر 2024 COSIT/citypopulation,2024,🟢,كربلاء لا الأنبار
IQ-CITY-الرطبة,العراق,الأنبار,الرطبة,الرطبة,—,الرطبة,Ar-Ruṭbah,مدينة,33.0360,40.2850,615,30811,2024,تعداد 25 نوفمبر 2024 COSIT/citypopulation,2024,🟢,بادية؛ ليست القائم
IQ-CITY-عنة,العراق,الأنبار,عنة,عنة,—,عنة,ʿĀnah,مدينة,34.3720,41.9870,150,21675,2024,تعداد 25 نوفمبر 2024 COSIT/citypopulation,2024,🟢,البلدة القديمة غُمرت بسد حديثة
IQ-CITY-الرفاعي,العراق,ذي قار,الرفاعي,الرفاعي,—,الرفاعي,Ar-Rifāʿī,مدينة,31.7210,46.1080,10,108105,2024,تعداد 25 نوفمبر 2024 COSIT/citypopulation,2024,🟢,ذي قار لا واسط
IQ-CITY-النعمانية,العراق,واسط,النعمانية,النعمانية,—,النعمانية,An-Nuʿmānīyah,مدينة,32.5530,45.4080,20,85388,2024,تعداد 25 نوفمبر 2024 COSIT/citypopulation,2024,🟢,واسط لا الحلة
IQ-CITY-الخالص,العراق,ديالى,الخالص,الخالص,—,الخالص,Al-Khāliṣ,مدينة,33.8190,44.5320,45,68793,2024,تعداد 25 نوفمبر 2024 COSIT/citypopulation,2024,🟢,ديالى لا بغداد
IQ-CITY-جلولاء,العراق,ديالى,جلولاء,جلولاء,—,جلولاء,Jalawlāʾ,مدينة,34.2840,45.1770,180,63875,2024,تعداد 25 نوفمبر 2024 COSIT/citypopulation,2024,🟢,ديالى؛ ليست خانقين
IQ-CITY-بلد,العراق,صلاح الدين,بلد,بلد,—,بلد,Balad,مدينة,34.0150,44.1460,50,69499,2024,تعداد 25 نوفمبر 2024 COSIT/citypopulation,2024,🟢,ليست بلدروز
IQ-CITY-الصويرة,العراق,واسط,الصويرة,الصويرة,—,الصويرة,Aṣ-Ṣuwayrah,مدينة,32.9150,44.7710,25,91954,2024,تعداد 25 نوفمبر 2024 COSIT/citypopulation,2024,🟢,واسط لا الكوت حصرًا
IQ-CITY-المجرالكبير,العراق,ميسان,المجر الكبير,المجر الكبير,—,المجر الكبير,Al-Majarr al-Kabīr,مدينة,31.5830,47.1670,10,107559,2024,تعداد 25 نوفمبر 2024 COSIT/citypopulation,2024,🟢,ميسان لا العمارة حصرًا
IQ-CITY-قلعةسكر,العراق,ذي قار,قلعة سكر,قلعة سكر,—,قلعة سكر,Qalʿat Sukkar,مدينة,31.8580,46.0770,10,72128,2024,تعداد 25 نوفمبر 2024 COSIT/citypopulation,2024,🟢,ذي قار؛ ليست قلعة صالح
IQ-BA-BSR-C,العراق,البصرة,البصرة,مركز قضاء البصرة,—,مركز قضاء البصرة,—,ناحية,,,,1273623,—,الجهاز المركزي للإحصاء / وزارة التخطيط العراقية,—,🟢,قضاء البصرة؛ سنة التعداد غير مصرَّحة في المصدر
IQ-BA-BSR-HAR,العراق,البصرة,البصرة,ناحية الهارثة,—,ناحية الهارثة,—,ناحية,,,,162630,—,الجهاز المركزي للإحصاء / وزارة التخطيط العراقية,—,🟢,قضاء البصرة؛ سنة التعداد غير مصرَّحة في المصدر
IQ-BA-ABK-C,العراق,البصرة,أبو الخصيب,مركز قضاء أبي الخصيب,—,مركز قضاء أبي الخصيب,—,ناحية,,,,212989,—,الجهاز المركزي للإحصاء / وزارة التخطيط العراقية,—,🟢,قضاء أبو الخصيب؛ سنة التعداد غير مصرَّحة في المصدر
IQ-BA-ABK-SIB,العراق,البصرة,أبو الخصيب,ناحية السيبة,—,ناحية السيبة,—,ناحية,,,,10686,—,الجهاز المركزي للإحصاء / وزارة التخطيط العراقية,—,🟢,قضاء أبو الخصيب؛ سنة التعداد غير مصرَّحة في المصدر
IQ-BA-ZBR-C,العراق,البصرة,الزبير,مركز قضاء الزبير,—,مركز قضاء الزبير,—,ناحية,,,,393810,—,الجهاز المركزي للإحصاء / وزارة التخطيط العراقية,—,🟢,قضاء الزبير؛ سنة التعداد غير مصرَّحة في المصدر
IQ-BA-ZBR-SAF,العراق,البصرة,الزبير,ناحية سفوان,—,ناحية سفوان,—,ناحية,,,,57111,—,الجهاز المركزي للإحصاء / وزارة التخطيط العراقية,—,🟢,قضاء الزبير؛ سنة التعداد غير مصرَّحة في المصدر
IQ-BA-ZBR-UMQ,العراق,البصرة,الزبير,ناحية أم قصر,—,ناحية أم قصر,—,ناحية,,,,60303,—,الجهاز المركزي للإحصاء / وزارة التخطيط العراقية,—,🟢,قضاء الزبير؛ سنة التعداد غير مصرَّحة في المصدر
IQ-BA-QRN-C,العراق,البصرة,القرنة,مركز قضاء القرنة,—,مركز قضاء القرنة,—,ناحية,,,,142045,—,الجهاز المركزي للإحصاء / وزارة التخطيط العراقية,—,🟢,قضاء القرنة؛ سنة التعداد غير مصرَّحة في المصدر
IQ-BA-QRN-DIR,العراق,البصرة,القرنة,ناحية الدير,—,ناحية الدير,—,ناحية,,,,106107,—,الجهاز المركزي للإحصاء / وزارة التخطيط العراقية,—,🟢,قضاء القرنة؛ سنة التعداد غير مصرَّحة في المصدر
IQ-BA-QRN-THG,العراق,البصرة,القرنة,ناحية الثغر,—,ناحية الثغر,—,ناحية,,,,37921,—,الجهاز المركزي للإحصاء / وزارة التخطيط العراقية,—,🟢,قضاء القرنة؛ سنة التعداد غير مصرَّحة في المصدر
IQ-BA-FAW-C,العراق,البصرة,الفاو,مركز قضاء الفاو,—,مركز قضاء الفاو,—,ناحية,,,,42252,—,الجهاز المركزي للإحصاء / وزارة التخطيط العراقية,—,🟢,قضاء الفاو؛ سنة التعداد غير مصرَّحة في المصدر
IQ-BA-SHT-C,العراق,البصرة,شط العرب,مركز قضاء شط العرب,—,مركز قضاء شط العرب,—,ناحية,,,,141362,—,الجهاز المركزي للإحصاء / وزارة التخطيط العراقية,—,🟢,قضاء شط العرب؛ سنة التعداد غير مصرَّحة في المصدر
IQ-BA-SHT-NSH,العراق,البصرة,شط العرب,ناحية النشوة,—,ناحية النشوة,—,ناحية,,,,33011,—,الجهاز المركزي للإحصاء / وزارة التخطيط العراقية,—,🟢,قضاء شط العرب؛ سنة التعداد غير مصرَّحة في المصدر
IQ-BA-MDN-C,العراق,البصرة,المدينة,مركز قضاء المدينة,—,مركز قضاء المدينة,—,ناحية,,,,78482,—,الجهاز المركزي للإحصاء / وزارة التخطيط العراقية,—,🟢,قضاء المدينة؛ سنة التعداد غير مصرَّحة في المصدر
IQ-BA-MDN-AZZ,العراق,البصرة,المدينة,ناحية عز الدين سليم,—,ناحية عز الدين سليم,—,ناحية,,,,68293,—,الجهاز المركزي للإحصاء / وزارة التخطيط العراقية,—,🟢,قضاء المدينة؛ سنة التعداد غير مصرَّحة في المصدر
IQ-BA-MDN-SAD,العراق,البصرة,المدينة,ناحية الإمام الصادق,—,ناحية الإمام الصادق,—,ناحية,,,,87866,—,الجهاز المركزي للإحصاء / وزارة التخطيط العراقية,—,🟢,قضاء المدينة؛ سنة التعداد غير مصرَّحة في المصدر
IQ-BG-RUS,العراق,بغداد,الرصافة,—,—,الرصافة,—,قضاء,,,,,,الجهاز المركزي للإحصاء / وزارة التخطيط العراقية,—,🟡,جانب الرصافة — لا رقم سكاني منشور بالقضاء
IQ-BG-ADH,العراق,بغداد,الأعظمية,—,—,الأعظمية,—,قضاء,,,,,,الجهاز المركزي للإحصاء / وزارة التخطيط العراقية,—,🟡,جانب الرصافة؛ جامع أبي حنيفة — لا رقم سكاني منشور بالقضاء
IQ-BG-SD1,العراق,بغداد,الصدر الأولى,—,—,الصدر الأولى,—,قضاء,,,,,,الجهاز المركزي للإحصاء / وزارة التخطيط العراقية,—,🟡,جانب الرصافة — لا رقم سكاني منشور بالقضاء
IQ-BG-SD2,العراق,بغداد,الصدر الثانية,—,—,الصدر الثانية,—,قضاء,,,,,,الجهاز المركزي للإحصاء / وزارة التخطيط العراقية,—,🟡,جانب الرصافة — لا رقم سكاني منشور بالقضاء
IQ-BG-SHB,العراق,بغداد,الشعب,—,—,الشعب,—,قضاء,,,,,,الجهاز المركزي للإحصاء / وزارة التخطيط العراقية,—,🟡,جانب الرصافة — لا رقم سكاني منشور بالقضاء
IQ-BG-MDN,العراق,بغداد,المدائن,—,—,المدائن,—,قضاء,,,,,,الجهاز المركزي للإحصاء / وزارة التخطيط العراقية,—,🟡,جانب الرصافة؛ طاق كسرى — لا رقم سكاني منشور بالقضاء
IQ-BG-HUS,العراق,بغداد,الحسينية,—,—,الحسينية,—,قضاء,,,,,,الجهاز المركزي للإحصاء / وزارة التخطيط العراقية,—,🟡,جانب الرصافة؛ استُحدث 2013 — لا رقم سكاني منشور بالقضاء
IQ-BG-ZAW,العراق,بغداد,الزوراء,—,—,الزوراء,—,قضاء,,,,,,الجهاز المركزي للإحصاء / وزارة التخطيط العراقية,—,🟡,جانب الرصافة؛ استُحدث 2018 (المعامل سابقًا) — لا رقم سكاني منشور بالقضاء
IQ-BG-KRK,العراق,بغداد,الكرخ,—,—,الكرخ,—,قضاء,,,,,,الجهاز المركزي للإحصاء / وزارة التخطيط العراقية,—,🟡,جانب الكرخ — لا رقم سكاني منشور بالقضاء
IQ-BG-KAZ,العراق,بغداد,الكاظمية,—,—,الكاظمية,—,قضاء,,,,,,الجهاز المركزي للإحصاء / وزارة التخطيط العراقية,—,🟡,جانب الكرخ؛ مرقد الكاظمين — لا رقم سكاني منشور بالقضاء
IQ-BG-MHM,العراق,بغداد,المحمودية,—,—,المحمودية,—,قضاء,,,,,,الجهاز المركزي للإحصاء / وزارة التخطيط العراقية,—,🟡,جانب الكرخ — لا رقم سكاني منشور بالقضاء
IQ-BG-ABG,العراق,بغداد,أبو غريب,—,—,أبو غريب,—,قضاء,,,,,,الجهاز المركزي للإحصاء / وزارة التخطيط العراقية,—,🟡,جانب الكرخ — لا رقم سكاني منشور بالقضاء
IQ-BG-TAR,العراق,بغداد,الطارمية,—,—,الطارمية,—,قضاء,,,,,,الجهاز المركزي للإحصاء / وزارة التخطيط العراقية,—,🟡,جانب الكرخ — لا رقم سكاني منشور بالقضاء
IQ-BG-SHA,العراق,بغداد,الشعلة,—,—,الشعلة,—,قضاء,,,,,,الجهاز المركزي للإحصاء / وزارة التخطيط العراقية,—,🟡,جانب الكرخ — لا رقم سكاني منشور بالقضاء
IQ-NI-MSL,العراق,نينوى,الموصل,—,—,الموصل,—,قضاء,,,,,,الجهاز المركزي للإحصاء / وزارة التخطيط العراقية,—,🟡,بعشيقة · الشورة · حمام العليل · القيارة · المحلبية · الحميدات — أرقام السكان أبطلها نزوح 2014-2017
IQ-NI-HMD,العراق,نينوى,الحمدانية,—,—,الحمدانية,—,قضاء,,,,,,الجهاز المركزي للإحصاء / وزارة التخطيط العراقية,—,🟡,النمرود · برطلة — متنازع عليه — أرقام السكان أبطلها نزوح 2014-2017
IQ-NI-TLK,العراق,نينوى,تلكيف,—,—,تلكيف,—,قضاء,,,,,,الجهاز المركزي للإحصاء / وزارة التخطيط العراقية,—,🟡,وانة · ألقوش — متنازع عليه — أرقام السكان أبطلها نزوح 2014-2017
IQ-NI-SNJ,العراق,نينوى,سنجار,—,—,سنجار,—,قضاء,,,,,,الجهاز المركزي للإحصاء / وزارة التخطيط العراقية,—,🟡,الشمال (سنوني) · القيروان — متنازع عليه — أرقام السكان أبطلها نزوح 2014-2017
IQ-NI-TLA,العراق,نينوى,تلعفر,—,—,تلعفر,—,قضاء,,,,,,الجهاز المركزي للإحصاء / وزارة التخطيط العراقية,—,🟡,زمار · ربيعة · العياضية — أرقام السكان أبطلها نزوح 2014-2017
IQ-NI-HDR,العراق,نينوى,الحضر,—,—,الحضر,—,قضاء,,,,,,الجهاز المركزي للإحصاء / وزارة التخطيط العراقية,—,🟡,تل عبطة — موقع الحضر يونسكو 1985 — أرقام السكان أبطلها نزوح 2014-2017
IQ-NI-BAJ,العراق,نينوى,البعاج,—,—,البعاج,—,قضاء,,,,,,الجهاز المركزي للإحصاء / وزارة التخطيط العراقية,—,🟡,القحطانية (كوجو) — أرقام السكان أبطلها نزوح 2014-2017
IQ-NI-MKH,العراق,نينوى,مخمور,—,—,مخمور,—,قضاء,,,,,,الجهاز المركزي للإحصاء / وزارة التخطيط العراقية,—,🟡,الكوير · كنديناوة · قراج · ملا قرة — إداريًا لنينوى عمليًا لأربيل — أرقام السكان أبطلها نزوح 2014-2017
IQ-NI-SHK,العراق,نينوى,الشيخان,—,—,الشيخان,—,قضاء,,,,,,الجهاز المركزي للإحصاء / وزارة التخطيط العراقية,—,🟡,زيلكان — معبد لالش الإيزيدي؛ متنازع عليه — أرقام السكان أبطلها نزوح 2014-2017
IQ-NI-SML,العراق,نينوى,سميل,—,—,سميل,—,قضاء,,,,,,الجهاز المركزي للإحصاء / وزارة التخطيط العراقية,—,🟡,فايدة — ينسب لدهوك في قوائم أخرى — أرقام السكان أبطلها نزوح 2014-2017
IQ-BGM-R01,العراق,بغداد,الرصافة,بغداد,السور والصرافية,السور والصرافية,—,محلة,,,,,,د. أحمد سوسة — أطلس بغداد ط1 1952 ص21 / إحصاء 1947,1952,🟢,جانب الرصافة (الصوب الكبير)
IQ-BGM-R02,العراق,بغداد,الرصافة,بغداد,الميدان,الميدان,—,محلة,,,,,,د. أحمد سوسة — أطلس بغداد ط1 1952 ص21 / إحصاء 1947,1952,🟢,جانب الرصافة (الصوب الكبير)؛ ساحة عرضات عسكرية ظهرت في القرن 9هـ
IQ-BGM-R03,العراق,بغداد,الرصافة,بغداد,جديد حسن باشا,جديد حسن باشا,—,محلة,,,,,,د. أحمد سوسة — أطلس بغداد ط1 1952 ص21 / إحصاء 1947,1952,🟢,جانب الرصافة (الصوب الكبير)
IQ-BGM-R04,العراق,بغداد,الرصافة,بغداد,البارودية,البارودية,—,محلة,,,,,,د. أحمد سوسة — أطلس بغداد ط1 1952 ص21 / إحصاء 1947,1952,🟢,جانب الرصافة (الصوب الكبير)؛ نسبةً إلى البارود خانة لخزن البارود
IQ-BGM-R05,العراق,بغداد,الرصافة,بغداد,قمر الدين,قمر الدين,—,محلة,,,,,,د. أحمد سوسة — أطلس بغداد ط1 1952 ص21 / إحصاء 1947,1952,🟢,جانب الرصافة (الصوب الكبير)
IQ-BGM-R06,العراق,بغداد,الرصافة,بغداد,الفضل,الفضل,—,محلة,,,,,,د. أحمد سوسة — أطلس بغداد ط1 1952 ص21 / إحصاء 1947,1952,🟢,جانب الرصافة (الصوب الكبير)؛ جامع أُنشئ قرب قبر الفضل بن سهل (ت 548هـ)
IQ-BGM-R07,العراق,بغداد,الرصافة,بغداد,القرة غول,القرة غول,—,محلة,,,,,,د. أحمد سوسة — أطلس بغداد ط1 1952 ص21 / إحصاء 1947,1952,🟢,جانب الرصافة (الصوب الكبير)؛ من الانكشارية العثمانية
IQ-BGM-R08,العراق,بغداد,الرصافة,بغداد,تبة الكرد,تبة الكرد,—,محلة,,,,,,د. أحمد سوسة — أطلس بغداد ط1 1952 ص21 / إحصاء 1947,1952,🟢,جانب الرصافة (الصوب الكبير)؛ نسبةً إلى الأكراد
IQ-BGM-R09,العراق,بغداد,الرصافة,بغداد,حمام المالح,حمام المالح,—,محلة,,,,,,د. أحمد سوسة — أطلس بغداد ط1 1952 ص21 / إحصاء 1947,1952,🟢,جانب الرصافة (الصوب الكبير)؛ المساحة 10 دونمات و21 أولكًا
IQ-BGM-R10,العراق,بغداد,الرصافة,بغداد,الحيدرخانة,الحيدرخانة,—,محلة,,,,,,د. أحمد سوسة — أطلس بغداد ط1 1952 ص21 / إحصاء 1947,1952,🟢,جانب الرصافة (الصوب الكبير)
IQ-BGM-R11,العراق,بغداد,الرصافة,بغداد,العاقولية,العاقولية,—,محلة,,,,,,د. أحمد سوسة — أطلس بغداد ط1 1952 ص21 / إحصاء 1947,1952,🟢,جانب الرصافة (الصوب الكبير)
IQ-BGM-R12,العراق,بغداد,الرصافة,بغداد,قمبر علي,قمبر علي,—,محلة,,,,,,د. أحمد سوسة — أطلس بغداد ط1 1952 ص21 / إحصاء 1947,1952,🟢,جانب الرصافة (الصوب الكبير)؛ يُرجَّح أنه أحد حجّاب الخليفة المستضيء
IQ-BGM-R13,العراق,بغداد,الرصافة,بغداد,الست هدية,الست هدية,—,محلة,,,,,,د. أحمد سوسة — أطلس بغداد ط1 1952 ص21 / إحصاء 1947,1952,🟢,جانب الرصافة (الصوب الكبير)؛ المساحة 10 دونمات و19 أولكًا
IQ-BGM-R14,العراق,بغداد,الرصافة,بغداد,إمام طه والدشتي,إمام طه والدشتي,—,محلة,,,,,,د. أحمد سوسة — أطلس بغداد ط1 1952 ص21 / إحصاء 1947,1952,🟢,جانب الرصافة (الصوب الكبير)؛ المساحة 10 دونمات و25 أولكًا
IQ-BGM-R15,العراق,بغداد,الرصافة,بغداد,باب الأغا,باب الأغا,—,محلة,,,,,,د. أحمد سوسة — أطلس بغداد ط1 1952 ص21 / إحصاء 1947,1952,🟢,جانب الرصافة (الصوب الكبير)؛ مقر أغا الانكشارية
IQ-BGM-R16,العراق,بغداد,الرصافة,بغداد,تحت التكية,تحت التكية,—,محلة,,,,,,د. أحمد سوسة — أطلس بغداد ط1 1952 ص21 / إحصاء 1947,1952,🟢,جانب الرصافة (الصوب الكبير)؛ أسفل تكية قديمة في آخر محلة قنبر علي
IQ-BGM-R17,العراق,بغداد,الرصافة,بغداد,القاطرخانة,القاطرخانة,—,محلة,,,,,,د. أحمد سوسة — أطلس بغداد ط1 1952 ص21 / إحصاء 1947,1952,🟢,جانب الرصافة (الصوب الكبير)
IQ-BGM-K01,العراق,بغداد,الكرخ,بغداد,كرادة مريم,كرادة مريم,—,محلة,,,,,,د. أحمد سوسة — أطلس بغداد ط1 1952 ص21 / إحصاء 1947,1952,🟢,جانب الكرخ (الصوب الصغير)
IQ-BGM-K02,العراق,بغداد,الكرخ,بغداد,علاوي الحلة,علاوي الحلة,—,محلة,,,,,,د. أحمد سوسة — أطلس بغداد ط1 1952 ص21 / إحصاء 1947,1952,🟢,جانب الكرخ (الصوب الصغير)؛ نسبةً إلى باب الحلة من أبواب سور بغداد
IQ-BGM-K03,العراق,بغداد,الكرخ,بغداد,الدوريين,الدوريين,—,محلة,,,,,,د. أحمد سوسة — أطلس بغداد ط1 1952 ص21 / إحصاء 1947,1952,🟢,جانب الكرخ (الصوب الصغير)
IQ-BGM-K04,العراق,بغداد,الكرخ,بغداد,سوق العجيمي,سوق العجيمي,—,محلة,,,,,,د. أحمد سوسة — أطلس بغداد ط1 1952 ص21 / إحصاء 1947,1952,🟢,جانب الكرخ (الصوب الصغير)
IQ-BGM-K05,العراق,بغداد,الكرخ,بغداد,الفلاحات,الفلاحات,—,محلة,,,,,,د. أحمد سوسة — أطلس بغداد ط1 1952 ص21 / إحصاء 1947,1952,🟢,جانب الكرخ (الصوب الصغير)؛ اسم حرفي
IQ-BGM-K06,العراق,بغداد,الكرخ,بغداد,الفحامة,الفحامة,—,محلة,,,,,,د. أحمد سوسة — أطلس بغداد ط1 1952 ص21 / إحصاء 1947,1952,🟢,جانب الكرخ (الصوب الصغير)؛ اسم حرفي
IQ-BGM-K07,العراق,بغداد,الكرخ,بغداد,المشاهدة,المشاهدة,—,محلة,,,,,,د. أحمد سوسة — أطلس بغداد ط1 1952 ص21 / إحصاء 1947,1952,🟢,جانب الكرخ (الصوب الصغير)
IQ-BGM-K08,العراق,بغداد,الكرخ,بغداد,الشيخ علي,الشيخ علي,—,محلة,,,,,,د. أحمد سوسة — أطلس بغداد ط1 1952 ص21 / إحصاء 1947,1952,🟢,جانب الكرخ (الصوب الصغير)
IQ-BGM-K09,العراق,بغداد,الكرخ,بغداد,الجعيفر الأولى,الجعيفر الأولى,—,محلة,,,,,,د. أحمد سوسة — أطلس بغداد ط1 1952 ص21 / إحصاء 1947,1952,🟢,جانب الكرخ (الصوب الصغير)؛ عشيرة الجعافرة — كانت تُسمى الرملة في العصر العباسي
IQ-BGM-K10,العراق,بغداد,الكرخ,بغداد,الجعيفر الثانية (السليمانية),الجعيفر الثانية (السليمانية),—,محلة,,,,528,1947,د. أحمد سوسة — أطلس بغداد ط1 1952 ص21 / إحصاء 1947,1952,🟢,جانب الكرخ (الصوب الصغير)؛ عشيرة الجعافرة
IQ-BGM-K11,العراق,بغداد,الكرخ,بغداد,سوق حمادة,سوق حمادة,—,محلة,,,,,,د. أحمد سوسة — أطلس بغداد ط1 1952 ص21 / إحصاء 1947,1952,🟢,جانب الكرخ (الصوب الصغير)
IQ-BGM-K12,العراق,بغداد,الكرخ,بغداد,التكارتة,التكارتة,—,محلة,,,,,,د. أحمد سوسة — أطلس بغداد ط1 1952 ص21 / إحصاء 1947,1952,🟢,جانب الكرخ (الصوب الصغير)؛ أهل تكريت
IQ-BGM-K13,العراق,بغداد,الكرخ,بغداد,الست نفيسة,الست نفيسة,—,محلة,,,,,,د. أحمد سوسة — أطلس بغداد ط1 1952 ص21 / إحصاء 1947,1952,🟢,جانب الكرخ (الصوب الصغير)
IQ-BGM-K14,العراق,بغداد,الكرخ,بغداد,خضر الياس,خضر الياس,—,محلة,,,,,,د. أحمد سوسة — أطلس بغداد ط1 1952 ص21 / إحصاء 1947,1952,🟢,جانب الكرخ (الصوب الصغير)؛ المساحة 8 دونمات و13 أولكًا
IQ-BGM-K15,العراق,بغداد,الكرخ,بغداد,جامع عطا,جامع عطا,—,محلة,,,,,,د. أحمد سوسة — أطلس بغداد ط1 1952 ص21 / إحصاء 1947,1952,🟢,جانب الكرخ (الصوب الصغير)
IQ-BGM-K16,العراق,بغداد,الكرخ,بغداد,سوق الجديد,سوق الجديد,—,محلة,,,,,,د. أحمد سوسة — أطلس بغداد ط1 1952 ص21 / إحصاء 1947,1952,🟢,جانب الكرخ (الصوب الصغير)
IQ-BGM-K17,العراق,بغداد,الكرخ,بغداد,الشيخ بشار,الشيخ بشار,—,محلة,,,,,,د. أحمد سوسة — أطلس بغداد ط1 1952 ص21 / إحصاء 1947,1952,🟢,جانب الكرخ (الصوب الصغير)
IQ-BGM-K18,العراق,بغداد,الكرخ,بغداد,الشيخ صندل,الشيخ صندل,—,محلة,,,,756,1947,د. أحمد سوسة — أطلس بغداد ط1 1952 ص21 / إحصاء 1947,1952,🟢,جانب الكرخ (الصوب الصغير)؛ المساحة 7 دونمات و23 أولكًا
IQ-BGM-K19,العراق,بغداد,الكرخ,بغداد,رأس الجسر,رأس الجسر,—,محلة,,,,,,د. أحمد سوسة — أطلس بغداد ط1 1952 ص21 / إحصاء 1947,1952,🟢,جانب الكرخ (الصوب الصغير)
IQ-BGM-K20,العراق,بغداد,الكرخ,بغداد,باب السيف,باب السيف,—,محلة,,,,,,د. أحمد سوسة — أطلس بغداد ط1 1952 ص21 / إحصاء 1947,1952,🟢,جانب الكرخ (الصوب الصغير)
IQ-BGM-K21,العراق,بغداد,الكرخ,بغداد,الكريمات,الكريمات,—,محلة,,,,,,د. أحمد سوسة — أطلس بغداد ط1 1952 ص21 / إحصاء 1947,1952,🟢,جانب الكرخ (الصوب الصغير)
IQ-BGM-K22,العراق,بغداد,الكرخ,بغداد,الصالحية,الصالحية,—,محلة,,,,,,د. أحمد سوسة — أطلس بغداد ط1 1952 ص21 / إحصاء 1947,1952,🟢,جانب الكرخ (الصوب الصغير)
IQ-BGM-X01,العراق,بغداد,الرصافة,بغداد,فرج الله,فرج الله,—,محلة,,,,9348,1947,د. أحمد سوسة — أطلس بغداد ط1 1952 ص21 / إحصاء 1947,1952,🟢,جانب الرصافة؛ 94 دونمًا و23 أولكًا
IQ-BGM-X02,العراق,بغداد,الرصافة,بغداد,الكبيسات,الكبيسات,—,محلة,,,,847,1947,د. أحمد سوسة — أطلس بغداد ط1 1952 ص21 / إحصاء 1947,1952,🟢,جانب الرصافة؛ 6 دونمات وأولك واحد؛ أهل كبيسة
IQ-BGM-X03,العراق,بغداد,الرصافة,بغداد,البومفرج,البومفرج,—,محلة,,,,,,د. أحمد سوسة — أطلس بغداد ط1 1952 ص21 / إحصاء 1947,1952,🟢,جانب الرصافة؛ 4 دونمات و18 أولكًا — أصغر المحلات مساحةً
IQ-BGM-X04,العراق,بغداد,الرصافة,بغداد,بني سعيد,بني سعيد,—,محلة,,,,,,د. أحمد سوسة — أطلس بغداد ط1 1952 ص21 / إحصاء 1947,1952,🟢,جانب الرصافة؛ 9 دونمات و21 أولكًا
IQ-BGM-X05,العراق,بغداد,الرصافة,بغداد,البوشبل,البوشبل,—,محلة,,,,,,د. أحمد سوسة — أطلس بغداد ط1 1952 ص21 / إحصاء 1947,1952,🟢,جانب الرصافة؛ 8 دونمات و22 أولكًا
IQ-BGM-X06,العراق,بغداد,الرصافة,بغداد,عبيد,عبيد,—,محلة,,,,,,د. أحمد سوسة — أطلس بغداد ط1 1952 ص21 / إحصاء 1947,1952,🟢,جانب الرصافة؛ 8 دونمات و20 أولكًا
IQ-BGM-X07,العراق,بغداد,الرصافة,بغداد,الجوبة,الجوبة,—,محلة,,,,,,د. أحمد سوسة — أطلس بغداد ط1 1952 ص21 / إحصاء 1947,1952,🟢,جانب الرصافة؛ 7 دونمات و10 أولك
IQ-BGM-X08,العراق,بغداد,الرصافة,بغداد,حنون الصغير,حنون الصغير,—,محلة,,,,,,د. أحمد سوسة — أطلس بغداد ط1 1952 ص21 / إحصاء 1947,1952,🟢,جانب الرصافة؛ 6 دونمات و12 أولكًا
IQ-BGM-X09,العراق,بغداد,الرصافة,بغداد,حنون الكبير,حنون الكبير,—,محلة,,,,,,د. أحمد سوسة — أطلس بغداد ط1 1952 ص21 / إحصاء 1947,1952,🟢,جانب الرصافة؛ 6 دونمات و5 أولك
IQ-BGM-X10,العراق,بغداد,الرصافة,بغداد,الطاطران,الطاطران,—,محلة,,,,,,د. أحمد سوسة — أطلس بغداد ط1 1952 ص21 / إحصاء 1947,1952,🟢,جانب الرصافة؛ التتر — كان فيها سعاة البريد آل التتار
IQ-BGM-X11,العراق,بغداد,الرصافة,بغداد,الهيتاويين,الهيتاويين,—,محلة,,,,,,د. أحمد سوسة — أطلس بغداد ط1 1952 ص21 / إحصاء 1947,1952,🟢,جانب الرصافة؛ أهل مدينة هيت العاملون في تجارة السمسم
IQ-BGM-X12,العراق,بغداد,الرصافة,بغداد,السنك,السنك,—,محلة,,,,,,د. أحمد سوسة — أطلس بغداد ط1 1952 ص21 / إحصاء 1947,1952,🟢,جانب الرصافة؛ بالتركية: الذباب — إشارة إلى كثرته
IQ-BGM-X13,العراق,بغداد,الكرخ,بغداد,الوشاش,الوشاش,—,محلة,,,,,,د. أحمد سوسة — أطلس بغداد ط1 1952 ص21 / إحصاء 1947,1952,🟢,جانب الكرخ؛ على نهر الوشاش (الخِر) — نسبةً إلى صوت هدير الماء
IQ-BGM-X14,العراق,بغداد,الكرخ,بغداد,الشواكة,الشواكة,—,محلة,,,,,,د. أحمد سوسة — أطلس بغداد ط1 1952 ص21 / إحصاء 1947,1952,🟢,جانب الكرخ؛ جامعو الشوك للوقود وبائعوه
IQ-BGM-X15,العراق,بغداد,الكرخ,بغداد,الشالجية,الشالجية,—,محلة,,,,,,د. أحمد سوسة — أطلس بغداد ط1 1952 ص21 / إحصاء 1947,1952,🟢,جانب الكرخ؛ آل شالجي موسى — أسرة تجارية بغدادية
IQ-BGM-X16,العراق,بغداد,الرصافة,بغداد,العلوازية,العلوازية,—,محلة,,,,,,د. أحمد سوسة — أطلس بغداد ط1 1952 ص21 / إحصاء 1947,1952,🟢,جانب الرصافة؛ الأصل الإيلوازية نسبةً إلى بساتين رجل يُدعى إيلواز؛ تُسمى خطأً العيواضية
IQ-BGM-X17,العراق,بغداد,الرصافة,بغداد,الكسرة,الكسرة,—,محلة,,,,,,د. أحمد سوسة — أطلس بغداد ط1 1952 ص21 / إحصاء 1947,1952,🟢,جانب الرصافة؛ كسرة السدة في فيضان دجلة 1925
IQ-BGM-X18,العراق,بغداد,الرصافة,بغداد,الوزيرية,الوزيرية,—,محلة,,,,,,د. أحمد سوسة — أطلس بغداد ط1 1952 ص21 / إحصاء 1947,1952,🟢,جانب الرصافة؛ ولاة المماليك الملقبون بالوزراء أوائل القرن 19
IQ-BGM-X19,العراق,بغداد,الرصافة,بغداد,نجيب باشا,نجيب باشا,—,محلة,,,,,,د. أحمد سوسة — أطلس بغداد ط1 1952 ص21 / إحصاء 1947,1952,🟢,جانب الرصافة؛ محمد نجيب باشا والي بغداد 1842-1849
IQ-BGM-X20,العراق,بغداد,الرصافة,بغداد,الصدرية,الصدرية,—,محلة,,,,,,د. أحمد سوسة — أطلس بغداد ط1 1952 ص21 / إحصاء 1947,1952,🟢,جانب الرصافة؛ الشيخ صدر الدين الحموئي (ت 722هـ) المدفون فيها
IQ-BGM-X21,العراق,بغداد,الرصافة,بغداد,باب الشيخ,باب الشيخ,—,محلة,,,,,,د. أحمد سوسة — أطلس بغداد ط1 1952 ص21 / إحصاء 1947,1952,🟢,جانب الرصافة؛ باب حضرة الشيخ عبد القادر الكيلاني (ت 561هـ)
IQ-BGM-X22,العراق,بغداد,الرصافة,بغداد,الكولات,الكولات,—,محلة,,,,,,د. أحمد سوسة — أطلس بغداد ط1 1952 ص21 / إحصاء 1947,1952,🟢,جانب الرصافة؛ جنود المماليك 1750-1831
IQ-BGM-X23,العراق,بغداد,الرصافة,بغداد,الدنكجية,الدنكجية,—,محلة,,,,,,د. أحمد سوسة — أطلس بغداد ط1 1952 ص21 / إحصاء 1947,1952,🟢,جانب الرصافة؛ من يطحن الرز بالدنگ
IQ-BGM-X24,العراق,بغداد,الرصافة,بغداد,إيلان دلي,إيلان دلي,—,محلة,,,,,,د. أحمد سوسة — أطلس بغداد ط1 1952 ص21 / إحصاء 1947,1952,🟢,جانب الرصافة؛ بالتركية: رأس الأفعى — وهي محلة قمر الدين اليوم
IQ-BGM-X25,العراق,بغداد,الرصافة,بغداد,كوك نظر,كوك نظر,—,محلة,,,,,,د. أحمد سوسة — أطلس بغداد ط1 1952 ص21 / إحصاء 1947,1952,🟢,جانب الرصافة؛ بالتركية: العيون الخضر
IQ-BGM-X26,العراق,بغداد,الرصافة,بغداد,المربعة,المربعة,—,محلة,,,,,,د. أحمد سوسة — أطلس بغداد ط1 1952 ص21 / إحصاء 1947,1952,🟢,جانب الرصافة؛ تقاطع شارعين
IQ-BGM-X27,العراق,بغداد,الرصافة,بغداد,سبع أبكار,سبع أبكار,—,محلة,,,,,,د. أحمد سوسة — أطلس بغداد ط1 1952 ص21 / إحصاء 1947,1952,🟢,جانب الرصافة؛ المحلات 332 و338 و340 و342؛ 282.2 هكتار؛ حي الربيع بلديًا
IQ-QD001,العراق,بغداد,قضاء الرصافة,,,الرصافة,,قضاء (المستوى الثاني),,,,,,الجهاز المركزي للإحصاء العراقي,2024,🟢,ملف مستقل: الدول/العراق/الأقضية/بغداد/الرصافة.md
IQ-QD002,العراق,بغداد,قضاء الأعظمية,,,الأعظمية,,قضاء (المستوى الثاني),,,,,,الجهاز المركزي للإحصاء العراقي,2024,🟢,ملف مستقل: الدول/العراق/الأقضية/بغداد/الأعظمية.md
IQ-QD003,العراق,بغداد,قضاء الصدر الأولى,,,الصدر الأولى,,قضاء (المستوى الثاني),,,,,,الجهاز المركزي للإحصاء العراقي,2024,🟢,ملف مستقل: الدول/العراق/الأقضية/بغداد/الصدر الأولى.md
IQ-QD004,العراق,بغداد,قضاء الصدر الثانية,,,الصدر الثانية,,قضاء (المستوى الثاني),,,,,,الجهاز المركزي للإحصاء العراقي,2024,🟢,ملف مستقل: الدول/العراق/الأقضية/بغداد/الصدر الثانية.md
IQ-QD005,العراق,بغداد,قضاء الشعب,,,الشعب,,قضاء (المستوى الثاني),,,,,,الجهاز المركزي للإحصاء العراقي,2024,🟢,ملف مستقل: الدول/العراق/الأقضية/بغداد/الشعب.md
IQ-QD006,العراق,بغداد,قضاء المدائن,,,المدائن,,قضاء (المستوى الثاني),,,,,,الجهاز المركزي للإحصاء العراقي,2024,🟢,ملف مستقل: الدول/العراق/الأقضية/بغداد/المدائن.md
IQ-QD007,العراق,بغداد,قضاء الحسينية,,,الحسينية,,قضاء (المستوى الثاني),,,,,,الجهاز المركزي للإحصاء العراقي,2024,🟢,ملف مستقل: الدول/العراق/الأقضية/بغداد/الحسينية.md
IQ-QD008,العراق,بغداد,قضاء الزوراء,,,الزوراء,,قضاء (المستوى الثاني),,,,,,الجهاز المركزي للإحصاء العراقي,2024,🟢,ملف مستقل: الدول/العراق/الأقضية/بغداد/الزوراء.md
IQ-QD009,العراق,بغداد,قضاء الكرخ,,,الكرخ,,قضاء (المستوى الثاني),,,,,,الجهاز المركزي للإحصاء العراقي,2024,🟢,ملف مستقل: الدول/العراق/الأقضية/بغداد/الكرخ.md
IQ-QD010,العراق,بغداد,قضاء الكاظمية,,,الكاظمية,,قضاء (المستوى الثاني),,,,,,الجهاز المركزي للإحصاء العراقي,2024,🟢,ملف مستقل: الدول/العراق/الأقضية/بغداد/الكاظمية.md
IQ-QD011,العراق,بغداد,قضاء المحمودية,,,المحمودية,,قضاء (المستوى الثاني),,,,,,الجهاز المركزي للإحصاء العراقي,2024,🟢,ملف مستقل: الدول/العراق/الأقضية/بغداد/المحمودية.md
IQ-QD012,العراق,بغداد,قضاء أبو غريب,,,أبو غريب,,قضاء (المستوى الثاني),,,,,,الجهاز المركزي للإحصاء العراقي,2024,🟢,ملف مستقل: الدول/العراق/الأقضية/بغداد/أبو غريب.md
IQ-QD013,العراق,بغداد,قضاء الطارمية,,,الطارمية,,قضاء (المستوى الثاني),,,,,,الجهاز المركزي للإحصاء العراقي,2024,🟢,ملف مستقل: الدول/العراق/الأقضية/بغداد/الطارمية.md
IQ-QD014,العراق,بغداد,قضاء الشعلة,,,الشعلة,,قضاء (المستوى الثاني),,,,,,الجهاز المركزي للإحصاء العراقي,2024,🟢,ملف مستقل: الدول/العراق/الأقضية/بغداد/الشعلة.md
IQ-QD015,العراق,نينوى,قضاء الموصل,,,الموصل,,قضاء (المستوى الثاني),,,,,,الجهاز المركزي للإحصاء العراقي,2024,🟢,ملف مستقل: الدول/العراق/الأقضية/نينوى/الموصل.md
IQ-QD016,العراق,نينوى,قضاء الحمدانية,,,الحمدانية,,قضاء (المستوى الثاني),,,,,,الجهاز المركزي للإحصاء العراقي,2024,🟢,ملف مستقل: الدول/العراق/الأقضية/نينوى/الحمدانية.md
IQ-QD017,العراق,نينوى,قضاء تلكيف,,,تلكيف,,قضاء (المستوى الثاني),,,,,,الجهاز المركزي للإحصاء العراقي,2024,🟢,ملف مستقل: الدول/العراق/الأقضية/نينوى/تلكيف.md
IQ-QD018,العراق,نينوى,قضاء سنجار,,,سنجار,,قضاء (المستوى الثاني),,,,,,الجهاز المركزي للإحصاء العراقي,2024,🟢,ملف مستقل: الدول/العراق/الأقضية/نينوى/سنجار.md
IQ-QD019,العراق,نينوى,قضاء تلعفر,,,تلعفر,,قضاء (المستوى الثاني),,,,,,الجهاز المركزي للإحصاء العراقي,2024,🟢,ملف مستقل: الدول/العراق/الأقضية/نينوى/تلعفر.md
IQ-QD020,العراق,نينوى,قضاء الحضر,,,الحضر,,قضاء (المستوى الثاني),,,,,,الجهاز المركزي للإحصاء العراقي,2024,🟢,ملف مستقل: الدول/العراق/الأقضية/نينوى/الحضر.md
IQ-QD021,العراق,نينوى,قضاء البعاج,,,البعاج,,قضاء (المستوى الثاني),,,,,,الجهاز المركزي للإحصاء العراقي,2024,🟢,ملف مستقل: الدول/العراق/الأقضية/نينوى/البعاج.md
IQ-QD022,العراق,نينوى,قضاء مخمور,,,مخمور,,قضاء (المستوى الثاني),,,,,,الجهاز المركزي للإحصاء العراقي,2024,🟢,ملف مستقل: الدول/العراق/الأقضية/نينوى/مخمور.md
IQ-QD023,العراق,نينوى,قضاء الشيخان,,,الشيخان,,قضاء (المستوى الثاني),,,,,,الجهاز المركزي للإحصاء العراقي,2024,🟢,ملف مستقل: الدول/العراق/الأقضية/نينوى/الشيخان.md
IQ-QD024,العراق,نينوى,قضاء سميل,,,سميل,,قضاء (المستوى الثاني),,,,,,الجهاز المركزي للإحصاء العراقي,2024,🟢,ملف مستقل: الدول/العراق/الأقضية/نينوى/سميل.md
ال-CT001,العراق,,,أبو_الخصيب,,أبو_الخصيب,,مدينة,,,,,,ملف المدينة في المشروع,2026,🟢,ملف مستقل: الدول/العراق/المدن/أبو_الخصيب/أبو_الخصيب.md
ال-CT002,العراق,,,أم_قصر,,أم_قصر,,مدينة,,,,,,ملف المدينة في المشروع,2026,🟢,ملف مستقل: الدول/العراق/المدن/أم_قصر/أم_قصر.md
ال-CT003,العراق,,,المجر_الكبير,,المجر_الكبير,,مدينة,,,,,,ملف المدينة في المشروع,2026,🟢,ملف مستقل: الدول/العراق/المدن/المجر_الكبير/المجر_الكبير.md
ال-CT004,العراق,,,سوق_الشيوخ,,سوق_الشيوخ,,مدينة,,,,,,ملف المدينة في المشروع,2026,🟢,ملف مستقل: الدول/العراق/المدن/سوق_الشيوخ/سوق_الشيوخ.md
ال-CT005,العراق,,,طوز_خورماتو,,طوز_خورماتو,,مدينة,,,,,,ملف المدينة في المشروع,2026,🟢,ملف مستقل: الدول/العراق/المدن/طوز_خورماتو/طوز_خورماتو.md
ال-CT006,العراق,,,عين_التمر,,عين_التمر,,مدينة,,,,,,ملف المدينة في المشروع,2026,🟢,ملف مستقل: الدول/العراق/المدن/عين_التمر/عين_التمر.md
ال-CT007,العراق,,,قلعة_سكر,,قلعة_سكر,,مدينة,,,,,,ملف المدينة في المشروع,2026,🟢,ملف مستقل: الدول/العراق/المدن/قلعة_سكر/قلعة_سكر.md
