research_sector_code,research_mun_uid,delegation_2014_code,delegation_2018_code
34571269,229,3457,3457
34571276,229,3457,3457
34571273,229,3457,3457
34571275,229,3457,3457
34571272,229,3457,3457
34571271,229,3457,3457
34571274,229,3457,3457
34571270,229,3457,3457
1171149,6,1171,1171
1171154,6,1171,1171
1171157,6,1171,1171
1171158,6,1171,1171
1171151,6,1171,1171
1171155,6,1171,1171
1171153,6,1171,1171
1171156,6,1171,1171
1171152,6,1171,1171
1171150,6,1171,1171
1170142,5,1170,1170
1170143,5,1170,1170
1170148,5,1170,1170
1170146,5,1170,1170
1170147,5,1170,1170
1170145,5,1170,1170
1170144,5,1170,1170
63512029,343,6351,6351
63512028,343,6351,6351
63562065,342,6356,96357
63562064,342,6356,96357
63522043,350,6352,6352
63512032,346,6351,6351
63512031,346,6351,6351
63512030,346,6351,6351
63512033,346,6351,6351
63532048,345,6353,6353
63532049,345,6353,6353
63532050,345,6353,6353
1451284,34,1451,1451
1451283,34,1451,1451
1451287,32,1451,1451
1451285,32,1451,1451
1451282,34,1451,1451
1452290,38,1452,1452
1452292,38,1452,1452
1452291,38,1452,1452
1452289,38,1452,1452
1452288,38,1452,1452
1453297,37,1453,1453
63562062,347,6356,6356
63562060,347,6356,6356
63562061,347,6356,6356
63562063,347,6356,6356
63569999,347,6356,6356
1559375,54,1559,1559
1453295,37,1453,1453
1453294,37,1453,1453
1453299,37,1453,1453
1453296,37,1453,1453
1453298,37,1453,1453
1453293,37,1453,1453
1559376,54,1559,1559
1451286,32,1451,1451
1559377,54,1559,1559
1559378,54,1559,1559
1558372,40,1558,1558
1558373,40,1558,1558
1558371,43,1558,1558
1558374,43,1558,1558
1456313,36,1456,1456
1559379,49,1559,1559
1559381,49,1559,1559
1559382,49,1559,1559
1559380,49,1559,1559
1456312,36,1456,1456
1456311,36,1456,1456
1456315,36,1456,1456
1456316,36,1456,1456
1456314,36,1456,1456
1557370,62,1557,1557
1557369,62,1557,1557
1557367,44,1557,1557
1557368,44,1557,1557
1457317,35,1457,1457
1457322,35,1457,1457
1457321,35,1457,1457
1457323,35,1457,1457
1457320,35,1457,1457
1457318,35,1457,1457
1457319,35,1457,1457
1555353,63,1555,1555
1555354,63,1555,1555
1555355,63,1555,1555
1555356,63,1555,1555
1555352,63,1555,1555
1560386,51,1560,1560
1560383,51,1560,1560
1560384,51,1560,1560
1560387,51,1560,1560
1560385,51,1560,1560
1555351,63,1555,1555
1555358,50,1555,1555
1555357,50,1555,1555
1555359,63,1555,1555
1556361,56,1556,1556
1556364,56,1556,1556
1556365,56,1556,1556
1556363,56,1556,1556
1556362,56,1556,1556
1561388,39,1561,1561
1561391,58,1561,1561
1561392,58,1561,1561
1458325,31,1458,1458
1562396,59,1562,1562
1562394,59,1562,1562
1562393,59,1562,1562
1562395,59,1562,1562
1562397,59,1562,1562
1458324,31,1458,1458
1458327,31,1458,1458
1458326,31,1458,1458
1454306,29,1454,1454
1454303,29,1454,1454
1454304,29,1454,1454
1455310,30,1455,1455
1455307,30,1455,1455
1455309,30,1455,1455
1455308,30,1455,1455
1454301,33,1454,1454
14549999,33,1454,1454
1454300,33,1454,1454
1454302,33,1454,1454
1454305,33,1454,1454
1554350,64,1554,1554
1554343,64,1554,1554
1554349,64,1554,1554
1554344,64,1554,1554
1554345,64,1554,1554
1554346,64,1554,1554
1554347,64,1554,1554
1561390,47,1561,1561
1561389,47,1561,1561
1563402,55,1563,1563
15639999,55,1563,1563
1563399,55,1563,1563
1563398,55,1563,1563
1553340,45,1553,1553
1553339,53,1553,1553
1554348,42,1554,1554
1553338,53,1553,1553
1553341,41,1553,1553
1553342,41,1553,1553
1551333,65,1551,1551
1551329,65,1551,1551
1551330,65,1551,1551
1551331,65,1551,1551
1551332,65,1551,1551
1551328,65,1551,1551
1552337,61,1552,1552
1552334,61,1552,1552
1552335,61,1552,1552
1552336,61,1552,1552
1563400,46,1563,1563
1563401,46,1563,1563
1565414,57,1565,1565
1565416,57,1565,1565
1565413,57,1565,1565
1565415,57,1565,1565
1565412,57,1565,1565
1565417,57,1565,1565
1565418,57,1565,1565
1564409,60,1564,1564
1564408,60,1564,1564
1564406,60,1564,1564
1564405,60,1564,1564
1566421,66,1566,1566
1566423,66,1566,1566
1566426,66,1566,1566
1566424,66,1566,1566
1566425,66,1566,1566
1566422,66,1566,1566
15669999,66,1566,1566
1564407,52,1564,1564
1564404,52,1564,1564
1564403,52,1564,1564
1564411,60,1564,1564
1564410,60,1564,1564
1566419,48,1566,1566
31611013,154,3161,3161
31611006,154,3161,3161
31611007,154,3161,3161
31611008,154,3161,3161
31611011,154,3161,3161
31611009,154,3161,3161
31611012,154,3161,3161
31611010,154,3161,3161
31611014,154,3161,3161
3160994,156,3160,3160
31601002,156,3160,3160
3160999,156,3160,3160
3160998,156,3160,3160
31601000,156,3160,3160
3160997,156,3160,3160
3160993,156,3160,3160
32511055,193,3251,3251
32511054,193,3251,3251
32511053,193,3251,3251
32511051,193,3251,3251
32511050,193,3251,3251
32511052,193,3251,3251
32511056,193,3251,3251
32531063,187,3253,3253
32531064,187,3253,3253
32531066,187,3253,3253
32519999,178,3251,3251
32511057,178,3251,3251
3159992,146,3159,3159
3159991,146,3159,3159
3159990,146,3159,3159
3160995,153,3160,3160
31601003,153,3160,3160
31601001,153,3160,3160
3160996,153,3160,3160
31601005,153,3160,3160
31601004,156,3160,3160
31621021,150,3162,3162
31621020,150,3162,3162
31621019,150,3162,3162
31621015,150,3162,3162
31621016,150,3162,3162
31621018,150,3162,3162
3158989,151,3158,3158
3158988,151,3158,3158
3158987,151,3158,3158
3156975,145,3156,3156
3156973,145,3156,3156
3156976,155,3156,3156
3156972,155,3156,3156
3156971,155,3156,3156
3156974,155,3156,3156
63532047,348,6353,6353
3155967,158,3155,3155
3155968,158,3155,3155
3155966,158,3155,3155
3155970,158,3155,3155
3155969,158,3155,3155
63532046,348,6353,6353
63532045,348,6353,6353
63532044,348,6353,6353
32621117,182,3262,3262
3151950,162,3151,3151
3153957,162,3153,3153
3153961,162,3153,3153
3153958,162,3153,3153
31539999,162,3153,3153
3153960,162,3153,3153
3153959,162,3153,3153
3154962,162,3154,3154
3154963,162,3154,3154
3151948,162,3151,3151
3151949,162,3151,3151
3154965,162,3154,3154
3154964,162,3154,3154
32531065,176,3253,3253
32531067,176,3253,3253
63549999,349,6354,6354
63542051,349,6354,6354
63542054,349,6354,6354
63542053,349,6354,6354
32521059,188,3252,3252
32521058,188,3252,3252
32521061,188,3252,3252
32521060,188,3252,3252
32521062,188,3252,3252
63552058,349,6355,6355
63552059,349,6355,6355
63552056,349,6355,6355
63552057,349,6355,6355
63552055,349,6355,6355
3157980,159,3157,3157
3157977,159,3157,3157
3157979,159,3157,3157
3157982,159,3157,3157
32571091,166,3257,3257
32571092,166,3257,3257
63542052,344,6354,6354
3158983,151,3158,3158
3158984,151,3158,3158
3158986,151,3158,3158
32571089,184,3257,3257
32571088,184,3257,3257
32571087,184,3257,3257
3157981,159,3157,3157
32571090,179,3257,3257
3152951,152,3166,3166
31651049,157,3165,3165
31651048,157,3165,3165
31651046,157,3165,3165
31651047,157,3165,3165
31651045,157,3165,3165
3157978,159,3157,3157
63522039,350,6352,6352
63522042,350,6352,6352
1651431,74,1651,1651
1651430,74,1651,1651
1651435,74,1651,1651
1651434,74,1651,1651
1651433,74,1651,1651
1651432,74,1651,1651
1651428,74,1651,1651
1651427,74,1651,1651
1651429,74,1651,1651
32621120,183,3262,3262
32621119,183,3262,3262
32621121,183,3262,3262
32631125,170,3263,3263
32631124,169,3263,3263
63512026,350,6351,6351
63522035,350,6352,6352
63522036,350,6352,6352
63522040,350,6352,6352
63512034,350,6351,6351
63522037,350,6352,6352
63522041,350,6352,6352
63522038,350,6352,6352
63512027,350,6351,6351
63529999,350,6352,6352
32631122,181,3263,3263
32631123,181,3263,3263
32611115,190,3261,3261
32611116,190,3261,3261
32611114,190,3261,3261
32611113,190,3261,3261
34651340,225,3465,3465
34651338,225,3465,3465
1654457,73,1654,1654
1654452,73,1654,1654
1654463,73,1654,1654
1654460,73,1654,1654
1654453,73,1654,1654
1654459,73,1654,1654
34651336,225,3465,3465
34651339,225,3465,3465
34651341,225,3465,3465
34651337,225,3465,3465
1653448,67,1653,1653
1653451,67,1653,1653
1653449,67,1653,1653
34621316,213,3462,3462
34621312,213,3462,3462
34621315,213,3462,3462
34621313,213,3462,3462
31641033,161,3164,3164
31641036,161,3164,3164
31641032,161,3164,3164
31641029,161,3164,3164
31641030,161,3164,3164
31641038,161,3164,3164
31641028,161,3164,3164
31641037,161,3164,3164
31641034,161,3164,3164
31641043,161,3164,3164
31641042,161,3164,3164
31641041,161,3164,3164
31641040,161,3164,3164
31641039,161,3164,3164
34621314,213,3462,3462
32581095,192,3258,3258
32581093,192,3258,3258
32581097,192,3258,3258
32581094,192,3258,3258
32581098,192,3258,3258
32581096,192,3258,3258
34641335,226,3464,3464
34641334,226,3464,3464
34641332,226,3464,3464
34641331,226,3464,3464
34641329,226,3464,3464
34641333,226,3464,3464
34641330,226,3464,3464
32601111,189,3260,3260
32601110,189,3260,3260
32601109,189,3260,3260
32601112,189,3260,3260
32601108,189,3260,3260
32591107,186,3259,3259
32591106,186,3259,3259
32599999,186,3259,3259
32591105,186,3259,3259
32581099,165,3258,3258
1653447,70,1653,1653
1653445,70,1653,1653
1653446,70,1653,1653
1653444,70,1653,1653
1653450,70,1653,1653
32621118,173,3262,3262
32561082,172,3256,3256
31621017,150,3162,3162
31641044,148,3164,3164
3152952,147,3166,3166
3152953,147,3166,3166
1652438,71,1652,1652
1652443,71,1652,1652
1652436,71,1652,1652
1652437,71,1652,1652
1652442,71,1652,1652
1652441,71,1652,1652
3152956,162,3152,3152
3152955,162,3152,3152
1652439,71,1652,1652
1652440,71,1652,1652
31631024,149,3163,3163
31631025,149,3163,3163
31631026,149,3163,3163
31631022,149,3163,3163
31631027,149,3163,3163
32561086,191,3256,3256
32561079,191,3256,3256
32561080,191,3256,3256
32561081,191,3256,3256
32561078,191,3256,3256
32551074,177,3255,3255
32551073,177,3255,3255
1654462,68,1654,1654
1654461,68,1654,1654
1654454,68,1654,1654
1654464,68,1654,1654
32541071,185,3254,3254
32541072,185,3254,3254
32561085,175,3256,3256
32561083,175,3256,3256
32561084,175,3256,3256
1254187,10,1254,1254
1254185,10,1254,1254
1254184,10,1254,1254
1254186,10,1254,1254
1254182,10,1254,1254
1254183,10,1254,1254
32541068,180,3254,3254
32541070,180,3254,3254
32541069,180,3254,3254
32581100,163,3258,3258
1654456,68,1654,1654
1654455,68,1654,1654
1654458,68,1654,1654
32581101,164,3258,3258
32589999,174,3258,3258
32581102,168,3258,3258
32581103,171,3258,3258
32581104,171,3258,3258
1656470,69,1656,1656
32551076,167,3255,3255
32551077,167,3255,3255
32551075,167,3255,3255
1656472,69,1656,1656
1253180,13,1253,1253
1253181,13,1253,1253
1253177,13,1253,1253
1253176,13,1253,1253
1253178,13,1253,1253
1253179,13,1253,1253
1253175,13,1253,1253
1252168,15,1252,1252
1252171,15,1252,1252
1252170,15,1252,1252
1252169,15,1252,1252
1252174,15,1252,1252
1252173,15,1252,1252
1252172,15,1252,1252
1251160,14,1251,1251
1251167,14,1251,1251
1251166,14,1251,1251
1251162,14,1251,1251
1251163,14,1251,1251
1251164,14,1251,1251
1251161,14,1251,1251
1251165,14,1251,1251
1251159,14,1251,1251
1257206,12,1257,1257
1257205,12,1257,1257
1257202,12,1257,1257
1257203,12,1257,1257
1257204,12,1257,1257
1256201,11,1256,1256
1256197,11,1256,1256
1256198,11,1256,1256
1256199,11,1256,1256
1256196,11,1256,1256
1256195,11,1256,1256
1256193,11,1256,1256
1256194,11,1256,1256
1256200,11,1256,1256
1255190,9,1255,1255
1255189,9,1255,1255
1255191,9,1255,1255
1255188,9,1255,1255
1255192,9,1255,1255
11511,1,1151,1151
11512,1,1151,1151
11513,2,1151,1151
11516,2,1151,1151
11515,2,1151,1151
11514,2,1151,1151
1656471,69,1656,1656
1164124,7,1164,1164
1164127,7,1164,1164
11649999,7,1164,1164
1164126,7,1164,1164
1169138,3,1169,1169
1169139,3,1169,1169
1169141,3,1169,1169
1169140,3,1169,1169
1169137,3,1169,1169
116069,4,1160,1160
116070,4,1160,1160
116079,4,1160,1160
116075,4,1160,1160
116080,4,1160,1160
116076,4,1160,1160
116071,4,1160,1160
116072,4,1160,1160
116074,4,1160,1160
116073,4,1160,1160
116077,4,1160,1160
116081,4,1160,1160
116078,4,1160,1160
116082,4,1160,1160
1752490,91,1752,1752
1752491,91,1752,1752
1752488,91,1752,1752
1751481,91,1751,1751
1751475,91,1751,1751
1751484,91,1751,1751
1751479,91,1751,1751
1753498,91,1753,1753
1751486,91,1751,1751
1751483,91,1751,1751
1751485,91,1751,1751
1752489,91,1752,1752
1753500,91,1753,1753
1753496,91,1753,1753
1753492,91,1753,1753
1753497,91,1753,1753
1753501,91,1753,1753
1753495,91,1753,1753
1753494,91,1753,1753
1751482,91,1751,1751
1753493,91,1753,1753
1751477,91,1751,1751
1762563,80,1762,1762
1762564,80,1762,1762
1762565,86,1762,1762
1762562,86,1762,1762
1762561,86,1762,1762
34631322,223,3463,3463
1764576,78,1764,1764
1764573,78,1764,1764
1764572,78,1764,1764
34631323,223,3463,3463
34631325,223,3463,3463
1764571,88,1764,1764
1764570,88,1764,1764
1764575,77,1764,1764
1764574,77,1764,1764
1761557,75,1761,1761
1761558,75,1761,1761
34631317,223,3463,3463
34631327,223,3463,3463
34631324,223,3463,3463
34631326,223,3463,3463
1763569,85,1763,1763
1763568,85,1763,1763
1763567,85,1763,1763
1763566,85,1763,1763
1758543,90,1758,1758
1758544,90,1758,1758
1758545,90,1758,1758
1758541,90,1758,1758
1758542,90,1758,1758
1758538,90,1758,1758
1758540,90,1758,1758
1758539,90,1758,1758
1759548,83,1759,1759
1759547,83,1759,1759
1759546,83,1759,1759
1655468,72,1655,1655
1655466,72,1655,1655
1655467,72,1655,1655
1655469,72,1655,1655
1655465,72,1655,1655
1656473,69,1656,1656
1656474,69,1656,1656
1761560,76,1761,1761
1761559,76,1761,1761
1754508,79,1754,1754
1754504,79,1754,1754
1754505,79,1754,1754
1754503,79,1754,1754
1754506,82,1754,1754
1754509,82,1754,1754
1754502,82,1754,1754
1754507,82,1754,1754
1760553,81,1760,1760
1760556,81,1760,1760
1760549,81,1760,1760
1760552,81,1760,1760
1760551,81,1760,1760
1760554,81,1760,1760
1760555,81,1760,1760
1760550,81,1760,1760
1756519,89,1756,1756
1756524,89,1756,1756
1756521,89,1756,1756
1756528,89,1756,1756
1756527,89,1756,1756
1756525,89,1756,1756
1756523,89,1756,1756
1756526,89,1756,1756
1756522,89,1756,1756
1756520,89,1756,1756
1757529,84,1757,1757
1757530,84,1757,1757
1757534,84,1757,1757
1757535,84,1757,1757
1757531,84,1757,1757
1757532,84,1757,1757
1757537,84,1757,1757
1757536,84,1757,1757
1757533,84,1757,1757
1755514,87,1755,1755
1755513,87,1755,1755
1755515,87,1755,1755
1755511,87,1755,1755
1755518,87,1755,1755
1755512,87,1755,1755
1755510,87,1755,1755
1755516,87,1755,1755
1755517,87,1755,1755
34631321,219,3463,3463
34631320,219,3463,3463
34631319,219,3463,3463
34631318,219,3463,3463
34631328,219,3463,3463
2453878,142,2453,2453
2453880,142,2453,2453
2453881,142,2453,2453
2453882,142,2453,2453
2453877,142,2453,2453
2453879,142,2453,2453
2461943,134,2461,2461
2461941,134,2461,2461
2461944,134,2461,2461
2461945,134,2461,2461
2461942,134,2461,2461
2460933,135,2460,2460
2460940,135,2460,2460
2460938,135,2460,2460
2460939,135,2460,2460
2460936,135,2460,2460
2460937,135,2460,2460
2460934,135,2460,2460
2460935,135,2460,2460
2357826,121,2357,2357
2357829,121,2357,2357
2357828,121,2357,2357
2357827,121,2357,2357
2452870,137,2452,2452
2452876,137,2452,2452
2452875,137,2452,2452
2452871,137,2452,2452
2452873,137,2452,2452
2459924,138,2459,2459
2459925,138,2459,2459
2459928,138,2459,2459
2459926,138,2459,2459
2459927,138,2459,2459
2459929,138,2459,2459
2459931,138,2459,2459
2459930,138,2459,2459
2459932,138,2459,2459
2458915,133,2458,2458
2458914,133,2458,2458
2458923,140,2458,2458
2458916,133,2458,2458
2458919,140,2458,2458
2458918,140,2458,2458
2458917,140,2458,2458
2458921,140,2458,2458
2458920,140,2458,2458
2458922,140,2458,2458
2457908,143,2457,2457
2457909,143,2457,2457
2457913,143,2457,2457
2457905,143,2457,2457
2457904,143,2457,2457
2457903,143,2457,2457
2457906,143,2457,2457
2457911,143,2457,2457
2457912,143,2457,2457
2457907,143,2457,2457
2457910,143,2457,2457
34611304,218,3461,3461
34611310,218,3461,3461
34611308,218,3461,3461
34611305,218,3461,3461
34611300,218,3461,3461
34611311,218,3461,3461
34611306,218,3461,3461
34611303,218,3461,3461
2451863,144,2451,2451
2452869,144,2452,2452
2451866,144,2451,2451
2451867,144,2451,2451
2452872,144,2452,2452
2451864,144,2451,2451
2452868,144,2452,2452
2451861,144,2451,2451
2451860,144,2451,2451
2451865,144,2451,2451
2452874,144,2452,2452
2451862,144,2451,2451
2456899,136,2456,2456
2456898,136,2456,2456
2456897,136,2456,2456
2456900,136,2456,2456
2456901,136,2456,2456
2456902,136,2456,2456
2454886,139,2454,2454
2454887,139,2454,2454
2454888,139,2454,2454
2454885,139,2454,2454
2454889,139,2454,2454
2454884,139,2454,2454
2454883,139,2454,2454
34611309,215,3461,3461
34611307,215,3461,3461
34611301,215,3461,3461
34611302,215,3461,3461
2455891,141,2455,2455
2455895,141,2455,2455
2455896,141,2455,2455
2455892,141,2455,2455
2455890,141,2455,2455
2455894,141,2455,2455
2455893,141,2455,2455
2254710,113,2254,2254
2254711,113,2254,2254
2254715,113,2254,2254
2254709,113,2254,2254
2254713,107,2254,2254
2254716,107,2254,2254
2254714,107,2254,2254
2254712,107,2254,2254
2255717,110,2255,2255
2255721,110,2255,2255
2255727,110,2255,2255
2255719,110,2255,2255
2255728,110,2255,2255
2255722,110,2255,2255
2255720,110,2255,2255
2255718,110,2255,2255
2255723,105,2255,2255
2255725,105,2255,2255
2255726,105,2255,2255
2255724,105,2255,2255
34601296,224,3460,3460
34601291,224,3460,3460
34601297,224,3460,3460
34601293,224,3460,3460
34601298,224,3460,3460
34601295,214,3460,3460
34601299,214,3460,3460
34601294,214,3460,3460
34601292,214,3460,3460
34581284,222,3458,3458
34581277,222,3458,3458
34581281,222,3458,3458
34581279,222,3458,3458
34581282,222,3458,3458
34581278,216,3458,3458
34581283,216,3458,3458
34581280,216,3458,3458
2356824,127,2356,2356
2356819,127,2356,2356
2356821,127,2356,2356
2356825,127,2356,2356
2356818,127,2356,2356
2356822,127,2356,2356
2356823,127,2356,2356
2356817,127,2356,2356
2356820,127,2356,2356
52581838,307,5258,5258
52581839,307,5258,5258
52561826,313,5256,5256
52561817,313,5256,5256
52561816,313,5256,5256
52561819,313,5256,5256
52561820,313,5256,5256
52571827,312,5257,5257
52571831,312,5257,5257
52581837,307,5258,5258
52561818,313,5256,5256
52561825,313,5256,5256
52571832,312,5257,5257
52571829,312,5257,5257
52561821,313,5256,5256
52561823,313,5256,5256
52561822,313,5256,5256
52561824,313,5256,5256
52571828,312,5257,5257
52581835,307,5258,5258
52581836,307,5258,5258
52581834,307,5258,5258
2256735,108,2256,2256
2256736,108,2256,2256
2256739,108,2256,2256
2256732,108,2256,2256
2256742,108,2256,2256
2256738,111,2256,2256
2256737,111,2256,2256
2256740,111,2256,2256
2256729,111,2256,2256
2256743,111,2256,2256
2256731,111,2256,2256
2256730,111,2256,2256
52571833,312,5257,5257
52571830,312,5257,5257
2256741,104,2256,2256
2256733,104,2256,2256
2256734,104,2256,2256
2259767,112,2259,2259
2259768,112,2259,2259
2259770,112,2259,2259
2259769,112,2259,2259
2259771,112,2259,2259
2259766,112,2259,2259
2259763,112,2259,2259
2259765,112,2259,2259
2259764,112,2259,2259
2259762,112,2259,2259
2259772,112,2259,2259
31631023,149,3163,3163
2257755,106,2257,2257
2257746,106,2257,2257
2257752,106,2257,2257
2257753,116,2257,2257
2257745,116,2257,2257
2257744,116,2257,2257
2257750,116,2257,2257
2257747,116,2257,2257
2257754,116,2257,2257
2257748,116,2257,2257
2257751,116,2257,2257
2257749,116,2257,2257
2258759,109,2258,2258
2258760,109,2258,2258
2258756,109,2258,2258
2258757,109,2258,2258
2258758,109,2258,2258
2252692,117,2252,2252
2252695,117,2252,2252
2252690,117,2252,2252
2252696,117,2252,2252
2252694,117,2252,2252
2252697,117,2252,2252
2252699,117,2252,2252
2252698,117,2252,2252
2251680,117,2251,2251
2251679,117,2251,2251
2251678,117,2251,2251
2252691,117,2252,2252
2359841,126,2359,2359
2359836,126,2359,2359
2359839,126,2359,2359
2359838,126,2359,2359
2359837,126,2359,2359
2359840,126,2359,2359
2360847,131,2360,2360
2360843,131,2360,2360
2360842,131,2360,2360
2360844,131,2360,2360
2360848,131,2360,2360
2360845,131,2360,2360
2360850,131,2360,2360
2360849,131,2360,2360
2360846,131,2360,2360
2355815,130,2355,2355
2355807,130,2355,2355
2355814,122,2355,2355
2358832,123,2358,2358
2358831,123,2358,2358
2358830,123,2358,2358
2358835,123,2358,2358
2358833,123,2358,2358
2358834,123,2358,2358
52521767,315,5252,5252
52551800,311,5255,5255
52551801,311,5255,5255
52521772,315,5252,5252
52521765,315,5252,5252
52521766,315,5252,5252
52521768,315,5252,5252
52591847,308,5259,5259
52541790,314,5254,5254
52511760,315,5251,5251
52591846,308,5259,5259
52511763,315,5251,5251
52511764,315,5251,5251
52541788,314,5254,5254
52541789,314,5254,5254
52541791,314,5254,5254
52541798,314,5254,5254
52541792,314,5254,5254
52511761,315,5251,5251
52541793,314,5254,5254
52551805,311,5255,5255
52531786,309,5253,5253
52551806,310,5255,5255
52551807,310,5255,5255
52551814,310,5255,5255
52511758,315,5251,5251
52531778,309,5253,5253
52591845,308,5259,5259
52511762,315,5251,5251
52551812,310,5255,5255
52531775,309,5253,5253
52591842,308,5259,5259
52551815,310,5255,5255
52531777,309,5253,5253
52551808,310,5255,5255
52551809,311,5255,5255
52521769,315,5252,5252
52521770,315,5252,5252
52531787,309,5253,5253
52551802,311,5255,5255
52591840,308,5259,5259
52541795,314,5254,5254
52591841,308,5259,5259
52541799,314,5254,5254
52541794,314,5254,5254
52551813,311,5255,5255
52521773,315,5252,5252
52521774,306,5252,5252
52541796,314,5254,5254
52541797,314,5254,5254
52551810,311,5255,5255
52551811,311,5255,5255
52551804,310,5255,5255
52531785,309,5253,5253
52599999,308,5259,5259
52531779,309,5253,5253
52531783,309,5253,5253
52551803,311,5255,5255
52531784,309,5253,5253
52511757,315,5251,5251
52511759,315,5251,5251
52531780,309,5253,5253
52531781,309,5253,5253
52591848,308,5259,5259
52531776,309,5253,5253
52591849,308,5259,5259
52531782,309,5253,5253
52591843,308,5259,5259
52521771,315,5252,5252
52591844,308,5259,5259
53551898,321,5355,5355
53551897,321,5355,5355
53551896,321,5355,5355
53551895,321,5355,5355
53511852,322,5351,5351
53531887,320,5353,95358
53531886,320,5353,95358
53531885,320,5353,95358
53531884,320,5353,95358
53531883,320,5353,95358
53521872,317,5352,5352
53511860,322,5351,5351
53511859,322,5351,5351
53511858,322,5351,5351
53541894,318,5354,5354
53541893,318,5354,5354
53541892,318,5354,5354
53541891,318,5354,5354
53541890,318,5354,5354
53511864,322,5351,5351
53511863,322,5351,5351
53541889,318,5354,5354
53511862,322,5351,5351
53541888,318,5354,5354
53511861,322,5351,5351
53551901,321,5355,5355
53551900,321,5355,5355
53551899,321,5355,5355
53511853,322,5351,5351
53571910,319,5357,5357
53521868,322,5352,5352
53571909,319,5357,5357
53521867,322,5352,5352
53571908,319,5357,5357
53521866,322,5352,5352
53571907,319,5357,5357
53521865,322,5352,5352
53551904,321,5355,5355
53551903,321,5355,5355
53551902,321,5355,5355
53521879,317,5352,5352
53521878,317,5352,5352
53511857,322,5351,5351
53511856,322,5351,5351
53531880,320,5353,5353
53511855,322,5351,5351
53511854,322,5351,5351
53511851,322,5351,5351
53561906,316,5356,5356
53511850,322,5351,5351
53561905,316,5356,5356
53521871,322,5352,5352
53531882,320,5353,5353
53571913,319,5357,5357
53531881,320,5353,5353
53571912,319,5357,5357
53571911,319,5357,5357
53521870,322,5352,5352
53521877,317,5352,5352
53521876,322,5352,5352
53521875,317,5352,5352
53521874,317,5352,5352
53521869,322,5352,5352
53521873,317,5352,5352
2251689,114,2251,2251
2251682,117,2251,2251
2251684,114,2251,2251
2251685,114,2251,2251
2251686,114,2251,2251
2251683,117,2251,2251
2251687,117,2251,2251
2251681,117,2251,2251
2251688,117,2251,2251
2253703,115,2253,2253
2253705,115,2253,2253
2253704,115,2253,2253
2253708,115,2253,2253
2253706,115,2253,2253
2253707,115,2253,2253
2253702,115,2253,2253
2253700,115,2253,2253
2259761,115,2259,2259
2253701,115,2253,2253
1566420,48,1566,1566
51511687,305,5151,5151
51511686,305,5151,5151
51511685,305,5151,5151
51511684,305,5151,5151
51571720,292,5156,5156
51521695,300,5152,5152
51521694,300,5152,5152
51521693,300,5152,5152
51521692,300,5152,5152
51521691,300,5152,5152
51521690,294,5152,5152
51551711,295,5155,5155
51561715,292,5156,5156
51561714,292,5156,5156
51571724,304,5157,5157
51571723,304,5157,5157
51571722,304,5157,5157
51601756,293,5160,95161
51571732,299,5157,5157
51591740,297,5159,5159
51591739,297,5159,5159
51571731,299,5157,5157
51571730,299,5157,5157
51581736,290,5158,5158
51521689,300,5152,5152
51581735,290,5158,5158
51511688,305,5151,5151
51581734,290,5158,5158
51541706,302,5154,5154
51541705,302,5154,5154
51541704,302,5154,5154
51541703,302,5154,5154
51571733,304,5157,5157
51591741,297,5159,5159
51561719,292,5156,5156
51561718,292,5156,5156
51561717,292,5156,5156
51561716,292,5156,5156
51601744,303,5160,5160
51601743,303,5160,5160
51601742,303,5160,5160
51601754,296,5160,5160
51531702,301,5153,5153
51601753,293,5160,95161
51601752,293,5160,95161
51531701,301,5153,5153
51601751,296,5160,5160
51531700,301,5153,5153
51551713,298,5155,5155
51601750,303,5160,5160
51531699,305,5153,5153
51591738,297,5159,5159
51571721,304,5157,5157
51571729,299,5157,5157
51591737,297,5159,5159
51571728,299,5157,5157
51571727,304,5157,5157
51571726,304,5157,5157
51571725,304,5157,5157
51601755,293,5160,95161
51551709,298,5155,5155
51601746,296,5160,5160
51601745,296,5160,5160
51551708,295,5155,5155
51551707,295,5155,5155
51551712,298,5155,5155
51601749,291,5160,5160
51531698,305,5153,5153
51531697,305,5153,5153
51601748,291,5160,5160
51601747,303,5160,5160
51531696,301,5153,5153
51551710,298,5155,5155
1557366,62,1557,1557
1556360,56,1556,1556
34591285,221,3459,3459
34591290,221,3459,3459
34591288,221,3459,3459
34591289,221,3459,3459
34591287,221,3459,3459
34591286,221,3459,3459
34551264,227,3455,3455
34551263,227,3455,3455
34551262,230,3455,3455
34551261,228,3455,3455
34551260,228,3455,3455
34551259,230,3455,3455
34521243,234,3452,3452
34521242,234,3452,3452
34521241,234,3452,3452
34521240,234,3452,3452
34521239,234,3452,3452
34521238,234,3452,3452
34551265,227,3455,3455
34539999,233,3453,3453
34531250,233,3453,3453
34531249,220,3453,3453
34511235,234,3451,3451
34561268,217,3456,3456
34511234,234,3451,3451
34561267,231,3456,3456
34511233,234,3451,3451
34561266,231,3456,3456
34511232,234,3451,3451
34541258,234,3454,3454
34511231,234,3451,3451
34541257,234,3454,3454
34511230,234,3451,3451
34541256,234,3454,3454
34511229,234,3451,3451
34541255,234,3454,3454
34511228,234,3451,3451
34531248,220,3453,3453
34531247,233,3453,3453
34531246,233,3453,3453
34531245,233,3453,3453
34511237,234,3451,3451
34511236,234,3451,3451
34521244,234,3452,3452
34541254,232,3454,3454
34511227,234,3451,3451
34541253,232,3454,3454
34511226,234,3451,3451
34541252,232,3454,3454
34541251,232,3454,3454
34661344,212,3466,3466
34661343,212,3466,3466
34661351,212,3466,3466
34661342,212,3466,3466
34661348,212,3466,3466
34661349,212,3466,3466
34661346,212,3466,3466
34661350,212,3466,3466
34661347,212,3466,3466
34661345,212,3466,3466
61551945,323,6155,96162
61551948,331,6155,6155
61551947,331,6155,6155
61601982,326,6160,6160
61591972,329,6159,6159
61571963,334,6157,6157
61611986,327,6161,96163
61581968,328,6158,6158
61551951,331,6155,6155
61511916,335,6151,6151
61511915,335,6151,6151
61561954,332,6156,6156
61561953,332,6156,6156
61561955,332,6156,6156
61561952,332,6156,6156
61591975,329,6159,6159
61571966,334,6157,6157
61581970,328,6158,6158
61611984,330,6161,6161
61611983,330,6161,6161
61551950,331,6155,6155
61521926,325,6152,6152
61551949,331,6155,6155
61601979,326,6160,6160
61601980,326,6160,6160
61541936,335,6154,6154
61541942,335,6154,6154
61521923,325,6152,6152
61591974,329,6159,6159
61601977,326,6160,6160
61511919,335,6151,6151
61521925,325,6152,6152
61531928,333,6153,6153
61531927,333,6153,6153
61591973,329,6159,6159
61591971,329,6159,6159
61511918,335,6151,6151
61571958,334,6157,6157
61571957,334,6157,6157
61571959,334,6157,6157
61531932,333,6153,6153
61581967,328,6158,6158
61571965,334,6157,6157
61541939,335,6154,6154
61541944,335,6154,6154
61591976,329,6159,6159
61601978,326,6160,6160
61561956,332,6156,6156
61601981,326,6160,6160
61571962,334,6157,6157
61571961,334,6157,6157
61541935,335,6154,6154
61541941,335,6154,6154
61541940,335,6154,6154
61531930,324,6153,6153
61541937,335,6154,6154
61551946,323,6155,96162
61521922,325,6152,6152
61521921,325,6152,6152
61611985,327,6161,96163
61581969,328,6158,6158
61611987,327,6161,96163
61611989,330,6161,6161
61531931,333,6153,6153
61511917,335,6151,6151
61511914,335,6151,6151
61541934,335,6154,6154
61541933,335,6154,6154
61541943,335,6154,6154
61571960,334,6157,6157
61531929,324,6153,6153
61611988,330,6161,6161
61521924,325,6152,6152
61511920,335,6151,6151
61541938,335,6154,6154
61571964,334,6157,6157
3158985,151,3158,3158
31641035,161,3164,3164
31641031,161,3164,3164
3151946,162,3151,3151
33611223,201,3361,3361
33571192,197,3357,3357
33571191,197,3357,3357
33611222,201,3361,3361
33611221,210,3361,3361
33571190,197,3357,3357
33541159,207,3354,3354
33541157,207,3354,3354
33571189,197,3357,3357
33571188,209,3357,3357
33611219,205,3361,3361
33611218,210,3361,3361
33611225,201,3361,3361
33611224,201,3361,3361
33601212,206,3360,3360
33601206,206,3360,3360
33531156,204,3353,3353
33531155,204,3353,3353
33531154,204,3353,3353
33561179,202,3356,3356
33521148,199,3352,3352
33601210,196,3360,3360
33601209,196,3360,3360
33561178,208,3356,3356
33601208,196,3360,3360
33561177,208,3356,3356
33601207,206,3360,3360
33561176,208,3356,3356
33561175,202,3356,3356
33571187,209,3357,3357
33611217,210,3361,3361
33571186,209,3357,3357
33571185,209,3357,3357
33611216,210,3361,3361
33611215,210,3361,3361
33571184,209,3357,3357
33611214,210,3361,3361
33571183,209,3357,3357
33531153,204,3353,3353
33531152,204,3353,3353
33531151,204,3353,3353
33531150,204,3353,3353
33531149,204,3353,3353
33521143,200,3352,3352
33601202,206,3360,3360
33551167,195,3355,3355
33591201,203,3359,3359
33511139,198,3351,3351
33591200,203,3359,3359
33511138,198,3351,3351
33591199,203,3359,3359
33511137,211,3351,3351
33591198,203,3359,3359
33521142,200,3352,3352
33521141,199,3352,3352
33521140,199,3352,3352
33551171,195,3355,3355
33551170,195,3355,3355
33601205,206,3360,3360
33561174,208,3356,3356
33601204,196,3360,3360
33561173,208,3356,3356
33601203,206,3360,3360
33561172,208,3356,3356
33611220,210,3361,3361
33601213,206,3360,3360
33561182,202,3356,3356
33561181,202,3356,3356
33601211,196,3360,3360
33561180,202,3356,3356
33521147,200,3352,3352
33521146,200,3352,3352
33521145,199,3352,3352
33521144,199,3352,3352
33581193,205,3358,3358
33511131,211,3351,3351
33511130,194,3351,3351
33511129,194,3351,3351
33541166,207,3354,3354
33541165,207,3354,3354
33541164,207,3354,3354
33541163,207,3354,3354
33541162,207,3354,3354
33541161,207,3354,3354
33541160,207,3354,3354
33551169,195,3355,3355
33551168,195,3355,3355
33511128,211,3351,3351
33511127,211,3351,3351
33511126,211,3351,3351
33511136,211,3351,3351
33591197,203,3359,3359
33511135,211,3351,3351
33511134,211,3351,3351
33541158,207,3354,3354
33581195,205,3358,3358
33581194,205,3358,3358
33511133,198,3351,3351
33511132,198,3351,3351
1751487,91,1751,1751
1751480,91,1751,1751
1751478,91,1751,1751
1751476,91,1751,1751
2252693,117,2252,2252
62542016,340,6254,6254
62542021,340,6254,6254
62511995,341,6251,6251
62542020,340,6254,6254
62522005,338,6252,96256
62511998,341,6251,6251
62542022,340,6254,6254
62532014,337,6253,6253
62511991,341,6251,6251
62542018,340,6254,6254
62511997,341,6251,6251
62542015,340,6254,6254
62532010,337,6253,6253
62542019,340,6254,6254
62511993,341,6251,6251
62522003,339,6252,6252
62522008,338,6252,96256
62511999,341,6251,6251
62511992,341,6251,6251
62542017,340,6254,6254
62522004,339,6252,6252
62532009,337,6253,6253
62552023,336,6255,6255
62552024,336,6255,6255
62511996,341,6251,6251
62522007,339,6252,6252
62522001,339,6252,6252
62522000,339,6252,6252
62511994,341,6251,6251
62522002,339,6252,6252
62522006,338,6252,96256
62552025,336,6255,6255
62532012,337,6253,6253
62532013,337,6253,6253
62511990,341,6251,6251
62532011,337,6253,6253
42591533,271,4259,4259
42621563,258,4262,4262
42581520,261,4258,4258
42621562,258,4262,4262
42581519,261,4258,4258
42551494,266,4255,4255
42551493,257,4255,4255
42551492,266,4255,4255
42551491,270,4255,4255
42551490,270,4255,4255
42551499,270,4255,4255
42551498,266,4255,4255
42551497,266,4255,4255
42551496,266,4255,4255
42551495,266,4255,4255
42511471,268,4251,4251
42631565,265,4263,4263
42511470,268,4251,4251
42511469,268,4251,4251
42511468,272,4251,4251
42511467,272,4251,4251
42551503,270,4255,4255
42621564,258,4262,4262
42621557,269,4262,4262
42621556,269,4262,4262
42621555,269,4262,4262
42621554,269,4262,4262
42541485,262,4254,4254
42541488,262,4254,4254
42541487,262,4254,4254
42541486,262,4254,4254
42611550,267,4261,4261
42571512,255,4257,4257
42611549,259,4261,4261
42571511,255,4257,4257
42611548,267,4261,4261
42571510,255,4257,4257
42541489,262,4254,4254
42611547,267,4261,4261
42621553,269,4262,4262
42591523,271,4259,4259
42621561,258,4262,4262
42581518,261,4258,4258
42621560,258,4262,4262
42581517,261,4258,4258
42581516,261,4258,4258
42621559,258,4262,4262
42621558,269,4262,4262
42581515,261,4258,4258
42591521,271,4259,4259
11621481,263,4253,4253
11621480,263,4253,4253
42611544,267,4261,4261
11621479,263,4253,4253
42561509,260,4256,4256
42611542,259,4261,4261
42611541,267,4261,4261
42611540,267,4261,4261
42601539,254,4260,4260
42601538,254,4260,4260
42601537,254,4260,4260
42591532,271,4259,4259
42601536,254,4260,4260
42591531,271,4259,4259
42601535,254,4260,4260
42611546,259,4261,4261
42611545,267,4261,4261
42611543,259,4261,4261
42561504,264,4256,4256
42611552,267,4261,4261
42551502,257,4255,4255
42571514,255,4257,4257
42611551,267,4261,4261
42571513,255,4257,4257
11621484,263,4253,4253
11621483,263,4253,4253
11621482,263,4253,4253
42511472,268,4251,4251
42631566,265,4263,4263
42591527,271,4259,4259
42521478,256,4252,4252
42591526,271,4259,4259
42521477,268,4252,4252
42591525,271,4259,4259
42591524,271,4259,4259
42521476,256,4252,4252
42521475,268,4252,4252
42521474,268,4252,4252
42591522,271,4259,4259
42521473,256,4252,4252
42551501,257,4255,4255
42551500,270,4255,4255
42591530,271,4259,4259
42601534,254,4260,4260
42591529,271,4259,4259
42591528,271,4259,4259
42569999,260,4256,4256
42561508,260,4256,4256
42561507,264,4256,4256
42561506,264,4256,4256
42561505,264,4256,4256
42631571,265,4263,4263
42631570,265,4263,4263
42631569,265,4263,4263
42631568,265,4263,4263
42631567,265,4263,4263
41581432,245,4158,4158
41561420,238,4156,4156
41611458,252,4161,4161
41571429,249,4157,4157
41601450,252,4160,4161
41611460,252,4161,4161
41521371,253,4152,4152
41511359,253,4151,4151
41511352,253,4151,4151
41511360,253,4151,4151
41551412,248,4155,4155
41591447,243,4159,4159
41521370,253,4152,4152
41511354,253,4151,4151
41511353,253,4151,4151
41511357,253,4151,4151
41511356,253,4151,4151
41531380,242,4153,4153
41581431,245,4158,4158
41521377,244,4152,4152
41591442,237,4159,94163
41561417,247,4156,4156
41521372,253,4152,4152
41521376,244,4152,4152
41541391,251,4154,4154
41541392,250,4154,4154
41581439,236,4158,4158
41531382,242,4153,4153
41541387,251,4154,4154
41581434,236,4158,4158
41531379,242,4153,4153
41601451,240,4160,4160
41601448,239,4160,4160
41611465,252,4161,4161
41541398,251,4154,4154
41561418,247,4156,4156
41541399,251,4154,4154
41581433,236,4158,4158
41611466,252,4161,4161
41591444,237,4159,94163
41571422,249,4157,4157
41541394,251,4154,4154
41531381,242,4153,4153
41541396,250,4154,4154
41561416,238,4156,4156
41511363,253,4151,4151
41581437,245,4158,4158
41611459,252,4161,4161
41591443,237,4159,94163
41541389,251,4154,4154
41521366,253,4152,4152
41511355,253,4151,4151
41601452,240,4160,4160
41571424,249,4157,4157
41611457,252,4161,4161
41541395,251,4154,4154
41541393,250,4154,4154
41581435,236,4158,4158
41591446,243,4159,4159
41531386,241,4153,4153
41511362,253,4151,4151
41521373,244,4152,4152
41571423,249,4157,4157
41591445,243,4159,4159
41551405,248,4155,4155
41511358,253,4151,4151
41521365,253,4152,4152
41521364,253,4152,4152
41611463,252,4161,4161
41521374,244,4152,4152
41611461,252,4161,4161
41581436,245,4158,4158
41551403,248,4155,4155
41551404,248,4155,4155
41601449,239,4160,4160
41611464,252,4161,4161
41611462,252,4161,4161
41521378,244,4152,4152
41611454,252,4161,4161
41611453,252,4161,4161
41551409,248,4155,4155
41551406,248,4155,4155
41551408,235,4155,94162
41611455,246,4161,4161
41611456,246,4161,4161
41561413,247,4156,4156
41561414,247,4156,4156
41511361,253,4151,4151
41521368,244,4152,4152
41521369,253,4152,4152
41521375,244,4152,4152
41551407,248,4155,4155
41541400,251,4154,4154
41531384,241,4153,4153
41541390,251,4154,4154
41541397,250,4154,4154
41571428,249,4157,4157
41571427,249,4157,4157
41561419,238,4156,4156
41571430,249,4157,4157
41531383,241,4153,4153
41541388,251,4154,4154
41551410,235,4155,94162
41521367,253,4152,4152
41571426,249,4157,4157
41571425,249,4157,4157
41551402,248,4155,4155
41591441,243,4159,4159
41591440,243,4159,4159
41531385,241,4153,4153
41541401,250,4154,4154
41561415,247,4156,4156
41581438,245,4158,4158
41551411,248,4155,4155
43521592,285,4352,4352
43521593,285,4352,4352
43621681,277,4362,4362
43581635,281,4358,4358
43581634,281,4358,4358
43621680,277,4362,4362
43621679,277,4362,4362
43581633,281,4358,4358
43621678,277,4362,4362
43621677,277,4362,4362
43621676,277,4362,4362
43621675,277,4362,4362
43521584,282,4352,4352
43551611,287,4355,4355
43521583,282,4352,4352
43581641,281,4358,4358
43541606,278,4354,4354
43551618,287,4355,4355
43521591,282,4352,4352
43521590,282,4352,4352
43551617,274,4355,4355
43521589,285,4352,4352
43551616,274,4355,4355
43521588,282,4352,4352
43551615,287,4355,4355
43521587,282,4352,4352
43551614,287,4355,4355
43521586,282,4352,4352
43551613,287,4355,4355
43521585,285,4352,4352
43541608,278,4354,4354
43511580,289,4351,4351
43511578,289,4351,4351
43511579,289,4351,4351
43541607,278,4354,4354
43611674,288,4361,4361
43511577,289,4351,4351
43511576,289,4351,4351
43541605,278,4354,4354
43551610,287,4355,4355
43611672,280,4361,94363
43511575,289,4351,4351
43511574,289,4351,4351
43611667,288,4361,4361
43581640,281,4358,4358
43581639,281,4358,4358
43581638,281,4358,4358
43621683,277,4362,4362
43581637,281,4358,4358
43621682,277,4362,4362
43581636,281,4358,4358
43521582,289,4352,4351
43611673,288,4361,4361
43611671,280,4361,94363
43611669,288,4361,4361
43611668,288,4361,4361
43511581,289,4351,4351
43611659,280,4361,94363
43541609,278,4354,4354
43611658,288,4361,4361
43601651,284,4360,4360
43601650,284,4360,4360
43611670,280,4361,94363
43511573,289,4351,4351
43571632,286,4357,4357
43511572,289,4351,4351
43571631,286,4357,4357
43571630,286,4357,4357
43571629,286,4357,4357
43571628,286,4357,4357
43571627,286,4357,4357
43571626,286,4357,4357
43531604,275,4353,4353
43531603,283,4353,4353
43531602,275,4353,4353
43611666,288,4361,4361
43611665,288,4361,4361
43611664,288,4361,4361
43611663,288,4361,4361
43611662,288,4361,4361
43519998,289,4351,4351
43611661,288,4361,4361
43519999,289,4351,4351
43611660,280,4361,94363
43601657,284,4360,4360
43601656,284,4360,4360
43601655,284,4360,4360
43601654,284,4360,4360
43601653,284,4360,4360
43601652,284,4360,4360
43561625,273,4356,4356
43531596,283,4353,4353
43561624,273,4356,4356
43531595,283,4353,4353
43531594,283,4353,4353
43561623,273,4356,4356
43561622,273,4356,4356
43561621,276,4356,4356
43591643,279,4359,4359
43591642,279,4359,4359
43531601,275,4353,4353
43531600,275,4353,4353
43601649,284,4360,4360
43561620,276,4356,4356
43561619,276,4356,4356
43551612,287,4355,4355
43591648,279,4359,4359
43591647,279,4359,4359
43591646,279,4359,4359
43591645,279,4359,4359
43591644,279,4359,4359
43531599,283,4353,4353
43531598,275,4353,4353
43531597,275,4353,4353
1357238,20,1357,1357
1362280,16,1362,1362
13569999,21,1356,1356
1356234,21,1356,1356
1362270,16,1362,1362
1352217,27,1352,1352
1362279,22,1362,1362
1362271,22,1362,1362
1357236,20,1357,1357
1362278,16,1362,1362
1358242,25,1358,1358
1362281,16,1362,1362
1362276,16,1362,1362
1362274,22,1362,1362
1360256,26,1360,1360
1352213,27,1352,1352
1352214,27,1352,1352
1353218,28,1353,1353
1353219,28,1353,1353
1353220,28,1353,1353
1353221,28,1353,1353
1361264,24,1361,1361
1358244,25,1358,1358
1360257,26,1360,1360
1351209,27,1351,1351
1361263,24,1361,1361
1352216,27,1352,1352
1355230,19,1355,1355
1353222,28,1353,1353
1355231,19,1355,1355
1357239,20,1357,1357
1351207,27,1351,1351
1351210,27,1351,1351
1356233,21,1356,1356
1362272,22,1362,1362
1359250,17,1359,1359
1354225,23,1354,1354
1354224,23,1354,1354
1354228,23,1354,1354
1354226,23,1354,1354
1355232,19,1355,1355
1351208,27,1351,1351
1351212,27,1351,1351
1357237,20,1357,1357
1360258,26,1360,1360
1361262,24,1361,1361
1360259,26,1360,1360
1354229,23,1354,1354
1361267,18,1361,1361
1358245,25,1358,1358
1358240,25,1358,1358
1358241,25,1358,1358
1358243,25,1358,1358
1358246,25,1358,1358
1351211,27,1351,1351
1359255,17,1359,1359
1359254,17,1359,1359
1362273,22,1362,1362
1362277,22,1362,1362
1360260,26,1360,1360
1352215,27,1352,1352
1356235,21,1356,1356
1361266,18,1361,1361
1362275,16,1362,1362
1353223,28,1353,1353
1354227,23,1354,1354
1361261,24,1361,1361
1362269,22,1362,1362
1362268,22,1362,1362
1359249,17,1359,1359
1359248,17,1359,1359
1359252,17,1359,1359
1359253,17,1359,1359
1359251,17,1359,1359
1361265,18,1361,1361
1358247,25,1358,1358
2157649,101,2157,2157
2157645,101,2157,2157
2154628,98,2154,2154
2153613,97,2153,2153
2153608,97,2153,2153
2153604,97,2153,2153
2151580,103,2151,2151
2154618,100,2154,2154
2157650,92,2157,2157
2157652,101,2157,2157
2154626,98,2154,2154
2153611,97,2153,2153
2154629,98,2154,2154
2151589,103,2151,2151
2153603,97,2153,2153
2151584,103,2151,2151
2153602,97,2153,2153
2159673,102,2159,2159
2151582,103,2151,2151
2159667,102,2159,2159
2158657,96,2158,2158
2153612,97,2153,2153
2153607,97,2153,2153
2152596,95,2152,2152
2151578,103,2151,2151
2152593,95,2152,2152
2151581,103,2151,2151
2151585,103,2151,2151
2155632,99,2155,2155
2159675,102,2159,2159
2156643,94,2156,2156
2151588,103,2151,2151
2159668,102,2159,2159
2152592,103,2152,2152
2155639,99,2155,2155
2158660,96,2158,2158
2151577,103,2151,2151
2154621,100,2154,2154
2151587,103,2151,2151
2154619,98,2154,2154
2155630,99,2155,2155
2157644,101,2157,2157
2159669,102,2159,2159
2156640,94,2156,2156
2154622,100,2154,2154
2152594,95,2152,2152
2157646,101,2157,2157
2159674,102,2159,2159
2158662,96,2158,2158
2158661,96,2158,2158
2156641,94,2156,2156
2155633,99,2155,2155
2158659,96,2158,2158
2155634,99,2155,2155
2154625,98,2154,2154
2157648,101,2157,2157
2153601,97,2153,2153
2153600,97,2153,2153
2152598,95,2152,2152
2159672,102,2159,2159
2152595,93,2152,2152
2159677,102,2159,2159
2152597,93,2152,2152
2157655,101,2157,2157
2157654,92,2157,2157
2152591,103,2152,2152
2159666,102,2159,2159
2159671,102,2159,2159
2159670,102,2159,2159
2158663,96,2158,2158
2153606,97,2153,2153
2151583,103,2151,2151
2155637,99,2155,2155
2156642,94,2156,2156
2155631,99,2155,2155
2155635,99,2155,2155
2155638,99,2155,2155
2151590,103,2151,2151
2157651,101,2157,2157
2153609,97,2153,2153
2154624,98,2154,2154
2155636,99,2155,2155
2154623,98,2154,2154
2158656,96,2158,2158
2158658,96,2158,2158
2159676,102,2159,2159
2151579,103,2151,2151
2151586,103,2151,2151
2154617,100,2154,2154
2153610,97,2153,2153
2159665,102,2159,2159
2159664,102,2159,2159
2157647,101,2157,2157
2152599,93,2152,2152
2153605,97,2153,2153
2154620,100,2154,2154
2154614,100,2154,2154
2154615,100,2154,2154
2157653,101,2157,2157
2154627,98,2154,2154
2154616,98,2154,2154
2354798,128,2354,2354
2354804,128,2354,2354
2354800,128,2354,2354
2354797,128,2354,2354
2354803,128,2354,2354
2354802,128,2354,2354
2354799,128,2354,2354
2354801,128,2354,2354
2355813,130,2355,2355
2355810,130,2355,2355
2355806,130,2355,2355
2355805,130,2355,2355
2355812,130,2355,2355
2355808,130,2355,2355
2355809,130,2355,2355
2355811,130,2355,2355
2355816,130,2355,2355
2351775,132,2351,2351
2351774,132,2351,2351
2351773,132,2351,2351
2353789,120,2353,92362
2353795,119,2353,2353
2353790,120,2353,92362
2353794,125,2353,2353
2353792,119,2353,2353
2353786,125,2353,2353
2353785,125,2353,2353
2353787,125,2353,2353
2353793,119,2353,2353
2353791,125,2353,2353
2353788,120,2353,92362
2353784,125,2353,2353
2353796,120,2353,92362
2352778,132,2352,2352
2352779,124,2352,2352
2352776,132,2352,2352
2352777,132,2352,2352
2352783,132,2352,2352
2352782,124,2352,2352
2352781,124,2352,2352
2352780,124,2352,2352
2361859,118,2361,2361
2361858,118,2361,2361
2361857,118,2361,2361
2361855,129,2361,2361
2361852,129,2361,2361
2361851,129,2361,2361
2361856,118,2361,2361
2361854,129,2361,2361
2361853,129,2361,2361
115931,8,1159,1159
115928,8,1159,1159
11599999,8,1159,1159
115927,8,1159,1159
115930,8,1159,1159
115929,8,1159,1159
11599998,8,1159,1159
115926,8,1159,1159
1152108,8,1152,1152
1152115,8,1152,1152
1152117,8,1152,1152
1152114,8,1152,1152
1152116,8,1152,1152
1152111,8,1152,1152
1152113,8,1152,1152
1152110,8,1152,1152
1152107,8,1152,1152
1152112,8,1152,1152
1152109,8,1152,1152
1152106,8,1152,1152
115311,8,1153,1153
11538,8,1153,1153
115310,8,1153,1153
11537,8,1153,1153
115313,8,1153,1153
115312,8,1153,1153
115314,8,1153,1153
11539,8,1153,1153
115420,8,1154,1154
115419,8,1154,1154
115416,8,1154,1154
115422,8,1154,1154
115415,8,1154,1154
115424,8,1154,1154
115421,8,1154,1154
115425,8,1154,1154
115418,8,1154,1154
115423,8,1154,1154
115417,8,1154,1154
115553,8,1155,1155
115552,8,1155,1155
115555,8,1155,1155
115554,8,1155,1155
115556,8,1155,1155
115557,8,1155,1155
115666,8,1156,1156
115662,8,1156,1156
115665,8,1156,1156
115661,8,1156,1156
115664,8,1156,1156
115663,8,1156,1156
115658,8,1156,1156
115787,8,1157,1157
115790,8,1157,1157
115789,8,1157,1157
115791,8,1157,1157
115788,8,1157,1157
115847,8,1158,1158
115849,8,1158,1158
115848,8,1158,1158
115851,8,1158,1158
115850,8,1158,1158
1161132,8,1161,1161
1161136,8,1161,1161
1161131,8,1161,1161
1161133,8,1161,1161
1161134,8,1161,1161
1161135,8,1161,1161
116293,8,1162,1162
116292,8,1162,1162
116296,8,1162,1162
116295,8,1162,1162
1162999,8,1162,1162
116294,8,1162,1162
1163102,8,1163,1163
1163105,8,1163,1163
1163100,8,1163,1163
116399,8,1163,1163
1163104,8,1163,1163
1163103,8,1163,1163
116398,8,1163,1163
116397,8,1163,1163
1163101,8,1163,1163
116568,8,1165,1165
116585,8,1165,1165
116586,8,1165,1165
116583,8,1165,1165
116584,8,1165,1165
116567,8,1165,1165
1164129,7,1164,1164
1164128,7,1164,1164
11649998,7,1164,1164
1164130,7,1164,1164
1164125,7,1164,1164
116643,8,1166,1166
116644,8,1166,1166
116646,8,1166,1166
116639,8,1166,1166
116642,8,1166,1166
116641,8,1166,1166
116645,8,1166,1166
116640,8,1166,1166
1167118,8,1167,1167
1167119,8,1167,1167
1167122,8,1167,1167
1167123,8,1167,1167
1167121,8,1167,1167
1167120,8,1167,1167
116836,8,1168,1168
116832,8,1168,1168
116835,8,1168,1168
116834,8,1168,1168
116838,8,1168,1168
116837,8,1168,1168
116833,8,1168,1168
3151947,162,3151,3151
1753499,91,1753,1753
115660,8,1156,1156
115659,8,1156,1156
3152954,160,3152,3152
