id,schema_version,status,source_id,classification,confidence,lexical_context,notes,observed_at,predicate,published,second_source_id,second_source_locator,sensitivity,source_locator,subject_id,unit,valid_from,valid_to,value,verification_status
CLM-019C8873EE09535D,1.0.0,verified,SRC-JO-REGULATION-46-2000,official,high,,,2026-08-15,administrative_center,True,,,ordinary,"Regulation No. 46 of 2000, Article 6; Liwa دير علا clause",ENT-JO-LIWA-F5D52DBBCB1D,,,,"{""data"":""دير علا"",""type"":""string""}",verified
CLM-01F01217FD73549E,1.0.0,verified,SRC-TN-INS-RGPH-2014,,high,,"Exact 2014 governorate total from INS RGPH Volume 3, PDF page 47.",2014-04-23,population,True,,,ordinary,"Volume 3, PDF p. 47, governorate row: باجة",ENT-TN-GOVERNORATE-EA2D44B4F25E,person,,,"{""data"":303032,""type"":""integer""}",verified
CLM-036DDFA24CAE544A,1.0.0,verified,SRC-JO-REGULATION-46-2000,official,high,,,2026-08-15,administrative_center,True,,,ordinary,"Regulation No. 46 of 2000, Article 9; Qada الظليل clause under Liwa قصبة الزرقاء",ENT-JO-QADA-4112F5BB32B3,,,,"{""data"":""الظليل"",""type"":""string""}",verified
CLM-0440FF23CF945934,1.0.0,verified,SRC-TN-INS-RGPH-2014,,high,,"Exact 2014 governorate total from INS RGPH Volume 3, PDF page 47.",2014-04-23,population,True,,,ordinary,"Volume 3, PDF p. 47, governorate row: زغوان",ENT-TN-GOVERNORATE-81845FB6BE40,person,,,"{""data"":176945,""type"":""integer""}",verified
CLM-05B7541A71DC5946,1.0.0,verified,SRC-UNESCO-WHC-TN-2026,,high,,,,condition,True,,,ordinary,World Heritage property 36,ENT-TN-SITE-MEDINA-TUNIS,,,,"{""data"":""Historic urban fabric with numerous monuments"",""type"":""string""}",verified
CLM-07DF115D3F5A59CA,1.0.0,verified,SRC-UNESCO-WHC-TN-2026,historical,high,,,,period,True,,,ordinary,World Heritage property 332,ENT-TN-SITE-KERKUANE,,,,"{""data"":""Punic city abandoned during the First Punic War, about 250 BCE"",""type"":""string""}",verified
CLM-0A51181AD3EA55FB,1.0.0,verified,SRC-UNESCO-WHC-TN-2026,,high,,,,condition,True,,,ordinary,World Heritage property 37,ENT-TN-SITE-CARTHAGE,,,,"{""data"":""Dispersed archaeological remains"",""type"":""string""}",verified
CLM-0DC31C213D2E5C43,1.0.0,verified,SRC-JO-REGULATION-46-2000,official,high,,,2026-08-15,administrative_center,True,,,ordinary,"Regulation No. 46 of 2000, Article 14; Liwa قصبة عجلون clause",ENT-JO-LIWA-022EF53C1970,,,,"{""data"":""عجلون"",""type"":""string""}",verified
CLM-0F01BB896ABC5453,1.0.0,verified,SRC-JO-REGULATION-46-2000,official,high,,,2026-08-15,administrative_center,True,,,ordinary,"Regulation No. 46 of 2000, Article 9; Liwa الهاشمية clause",ENT-JO-LIWA-59C556AA0313,,,,"{""data"":""الهاشمية"",""type"":""string""}",verified
CLM-0F9D9E37F30A59E9,1.0.0,verified,SRC-JO-REGULATION-46-2000,official,high,,,2026-08-15,administrative_center,True,,,ordinary,"Regulation No. 46 of 2000, Article 6; Liwa الشونة الجنوبية clause",ENT-JO-LIWA-4991A65209CA,,,,"{""data"":""الشونة الجنوبية"",""type"":""string""}",verified
CLM-0FECDBB0F44052F9,1.0.0,verified,SRC-UNESCO-WHC-JO-1742,official,high,,,2026-08-15,world_heritage_inscription_year,True,,,ordinary,"Property 1742; description, natural-category inscription metadata, and coordinates",ENT-JO-SITE-6797180FA1CD,,,,"{""data"":2026,""type"":""integer""}",verified
CLM-124976FE411C5DBE,1.0.0,verified,SRC-JO-REGULATION-46-2000,official,high,,,2026-08-15,administrative_center,True,,,ordinary,"Regulation No. 46 of 2000, Article 8; Qada الجفر clause under Liwa قصبة معان",ENT-JO-QADA-1F6EDC39913B,,,,"{""data"":""الجفر"",""type"":""string""}",verified
CLM-12757A27FFEE51E3,1.0.0,verified,SRC-UNESCO-WHC-TN-2026,,high,,,,condition,True,,,ordinary,World Heritage property 1640,ENT-TN-SITE-DJERBA,,,,"{""data"":""Dispersed island cultural landscape"",""type"":""string""}",verified
CLM-16B2039E442453FE,1.0.0,verified,SRC-UNESCO-WHC-TN-2026,,high,,,,condition,True,,,ordinary,World Heritage property 332,ENT-TN-SITE-KERKUANE,,,,"{""data"":""Archaeological town and necropolis remains"",""type"":""string""}",verified
CLM-17E1110F192C5B42,1.0.0,verified,SRC-JO-REGULATION-46-2000,official,high,,,2026-08-15,administrative_center,True,,,ordinary,"Regulation No. 46 of 2000, Article 5; Liwa بني كنانة clause",ENT-JO-LIWA-86A2E3EF2574,,,,"{""data"":""سما الروسان"",""type"":""string""}",verified
CLM-17F8D1E5F8585A7F,1.0.0,verified,SRC-UNESCO-WHC-JO-327,official,high,,,2026-08-15,world_heritage_category,True,,,ordinary,"Property 327; description, Az Zarqa Governorate metadata, inscription year, and coordinates",ENT-JO-SITE-ED4533B88F9B,,,,"{""data"":""cultural"",""type"":""string""}",verified
CLM-1EB0B721F65E5B35,1.0.0,verified,SRC-UNESCO-WHC-TN-2026,official,high,,,,place_classification,True,,,ordinary,World Heritage property 38: small village of El Jem,ENT-TN-VILLAGE-EL-JEM,,,,"{""data"":""village"",""type"":""string""}",verified
CLM-1FFDA75FB1615918,1.0.0,verified,SRC-UNESCO-WHC-TN-2026,,high,,,,condition,True,,,ordinary,World Heritage property 498,ENT-TN-SITE-MEDINA-SOUSSE,,,,"{""data"":""Fortified medina fabric and monuments"",""type"":""string""}",verified
CLM-215A9AEDC9675F8A,1.0.0,verified,SRC-UNESCO-WHC-TN-2026,historical,high,,,,period,True,,,ordinary,World Heritage property 1769,ENT-TN-SITE-SIDI-BOU-SAID,,,,"{""data"":""Settlement developed around the tomb of the Sufi master Sidi Bou Said in the 13th century"",""type"":""string""}",verified
CLM-218592D2ADE750E3,1.0.0,verified,SRC-UNESCO-ICH-TN-2026,regional,high,,,,custom_practice,True,,,ordinary,ICH element 01566: Kerkennah Islands and the entire local community,ENT-TN-NATURAL-SITE-KERKENNAH-ISLANDS,,,,"{""data"":""Charfia fishing in the Kerkennah Islands"",""type"":""string""}",verified
CLM-224CDC4E9CD65F85,1.0.0,verified,SRC-JO-REGULATION-46-2000,official,high,,,2026-08-15,administrative_center,True,,,ordinary,"Regulation No. 46 of 2000, Article 8; Liwa الشوبك clause",ENT-JO-LIWA-2362552AE4BD,,,,"{""data"":""الشوبك"",""type"":""string""}",verified
CLM-23B19E3DE27C5305,1.0.0,verified,SRC-JO-REGULATION-46-2000,official,high,,,2026-08-15,administrative_center,True,,,ordinary,"Regulation No. 46 of 2000, Article 2 and Article 8",ENT-JO-GOVERNORATE-513EDEC3570B,,,,"{""data"":""معان"",""type"":""string""}",verified
CLM-2449FA8E7B0C5E4C,1.0.0,verified,SRC-JO-REGULATION-46-2000,official,high,,,2026-08-15,administrative_center,True,,,ordinary,"Regulation No. 46 of 2000, Article 10; Qada حوشا clause under Liwa البادية الشمالية الغربية",ENT-JO-QADA-58CF2890157A,,,,"{""data"":""مثلث حوشا"",""type"":""string""}",verified
CLM-25C7F0942FCC5875,1.0.0,verified,SRC-JO-REGULATION-46-2000,official,high,,,2026-08-15,administrative_center,True,,,ordinary,"Regulation No. 46 of 2000, Article 4; Liwa القويسمة clause",ENT-JO-LIWA-B7C8D577FD37,,,,"{""data"":""الجويدة"",""type"":""string""}",verified
CLM-268BB683F2E6591E,1.0.0,verified,SRC-UNESCO-WHC-JO-327,official,high,,,2026-08-15,world_heritage_inscription_year,True,,,ordinary,"Property 327; description, Az Zarqa Governorate metadata, inscription year, and coordinates",ENT-JO-SITE-ED4533B88F9B,,,,"{""data"":1985,""type"":""integer""}",verified
CLM-273991864A27515C,1.0.0,verified,SRC-UNESCO-ICH-TN-2026,popular,high,,,,food_practice,True,,,ordinary,ICH element 01710: Tunisia,ENT-TN-COUNTRY,,,,"{""data"":""Harissa knowledge, skills and culinary and social practices"",""type"":""string""}",verified
CLM-274D01D1BA755190,1.0.0,verified,SRC-UNESCO-WHC-JO-689,,high,,,2026-08-15,heritage_scope,True,,,ordinary,"Property 689rev; description, State Party metadata, inscription year, and coordinates",ENT-JO-SITE-A91A1B1F9D0A,,,,"{""data"":""Historic urban property in As-Salt built on three hills in the Balqa highland."",""type"":""string""}",verified
CLM-299066B220135F49,1.0.0,verified,SRC-TN-INS-RGPH-2014,,high,,"Exact 2014 governorate total from INS RGPH Volume 3, PDF page 47.",2014-04-23,population,True,,,ordinary,"Volume 3, PDF p. 47, governorate row: المهدية",ENT-TN-GOVERNORATE-E7D96FEF5043,person,,,"{""data"":410812,""type"":""integer""}",verified
CLM-2B165C83DF9C527B,1.0.0,verified,SRC-JO-REGULATION-46-2000,official,high,,,2026-08-15,administrative_center,True,,,ordinary,"Regulation No. 46 of 2000, Article 7; Liwa المزار الجنوبي clause",ENT-JO-LIWA-10797219C502,,,,"{""data"":""المزار الجنوبي"",""type"":""string""}",verified
CLM-2CEEE745FD065993,1.0.0,verified,SRC-JO-REGULATION-46-2000,official,high,,,2026-08-15,administrative_center,True,,,ordinary,"Regulation No. 46 of 2000, Article 4; Qada رجم الشامي clause under Liwa الموقر",ENT-JO-QADA-4FF9C49C7D3F,,,,"{""data"":""رجم الشامي الغربي"",""type"":""string""}",verified
CLM-2D24BB919BFB534B,1.0.0,verified,SRC-JO-REGULATION-46-2000,official,high,,,2026-08-15,administrative_center,True,,,ordinary,"Regulation No. 46 of 2000, Article 8; Liwa قصبة معان clause",ENT-JO-LIWA-3E76A864C483,,,,"{""data"":""معان"",""type"":""string""}",verified
CLM-2F4C6758AA405BA8,1.0.0,verified,SRC-JO-REGULATION-46-2000,official,high,,,2026-08-15,administrative_center,True,,,ordinary,"Regulation No. 46 of 2000, Article 10; Liwa البادية الشمالية clause",ENT-JO-LIWA-41C85475F281,,,,"{""data"":""مثلث صبحا"",""type"":""string""}",verified
CLM-30573A2341B65E91,1.0.0,verified,SRC-TN-INS-RGPH-2014,,high,,"Exact 2014 governorate total from INS RGPH Volume 3, PDF page 47.",2014-04-23,population,True,,,ordinary,"Volume 3, PDF p. 47, governorate row: أريانة",ENT-TN-GOVERNORATE-78D6D85AF6A0,person,,,"{""data"":576088,""type"":""integer""}",verified
CLM-316C3C43EC635D59,1.0.0,verified,SRC-JO-REGULATION-46-2000,official,high,,,2026-08-15,administrative_center,True,,,ordinary,"Regulation No. 46 of 2000, Article 12; Liwa ذيبان clause",ENT-JO-LIWA-FB904E87C37C,,,,"{""data"":""ذيبان"",""type"":""string""}",verified
CLM-32206C201D535F2D,1.0.0,verified,SRC-JO-REGULATION-46-2000,official,high,,,2026-08-15,administrative_center,True,,,ordinary,"Regulation No. 46 of 2000, Article 7; Liwa عي clause",ENT-JO-LIWA-7A4FC57A24E4,,,,"{""data"":""عي"",""type"":""string""}",verified
CLM-32713D60CDB051AD,1.0.0,verified,SRC-JO-REGULATION-46-2000,official,high,,,2026-08-15,administrative_center,True,,,ordinary,"Regulation No. 46 of 2000, Article 2 and Article 15",ENT-JO-GOVERNORATE-AA6EDAA40E42,,,,"{""data"":""العقبة"",""type"":""string""}",verified
CLM-32FC870867E75D62,1.0.0,verified,SRC-TN-INS-RGPH-2014,,high,,"Exact 2014 governorate total from INS RGPH Volume 3, PDF page 47.",2014-04-23,population,True,,,ordinary,"Volume 3, PDF p. 47, governorate row: جندوبة",ENT-TN-GOVERNORATE-7A4D0C3A889C,person,,,"{""data"":401477,""type"":""integer""}",verified
CLM-335E93EF91835BB7,1.0.0,verified,SRC-JO-REGULATION-46-2000,official,high,,,2026-08-15,administrative_center,True,,,ordinary,"Regulation No. 46 of 2000, Article 2 and Article 14",ENT-JO-GOVERNORATE-95F2BA8F63F9,,,,"{""data"":""عجلون"",""type"":""string""}",verified
CLM-3374AFAEDB255FC8,1.0.0,verified,SRC-JO-REGULATION-46-2000,official,high,,,2026-08-15,administrative_center,True,,,ordinary,"Regulation No. 46 of 2000, Article 10; Qada إرحاب clause under Liwa قصبة المفرق",ENT-JO-QADA-3F436B83EB67,,,,"{""data"":""إرحاب"",""type"":""string""}",verified
CLM-34E1FD0A707D516F,1.0.0,verified,SRC-UNESCO-WHC-TN-2026,official,high,,,,protection_context,True,,,ordinary,World Heritage property 36,ENT-TN-MARKET-MEDINA-CENTRAL-SOUKS,,,,"{""data"":""Located within the Medina of Tunis World Heritage property"",""type"":""string""}",verified
CLM-354631DFE635545E,1.0.0,verified,SRC-UNESCO-WHC-JO-689,official,high,,,2026-08-15,place_classification,True,,,ordinary,Property 689rev brief description explicitly calls As-Salt a city,ENT-JO-CITY-0E2F3C63BD3B,,,,"{""data"":""city"",""type"":""string""}",verified
CLM-364720B01EEB5800,1.0.0,verified,SRC-JO-REGULATION-46-2000,official,high,,,2026-08-15,administrative_center,True,,,ordinary,"Regulation No. 46 of 2000, Article 7; Qada غور المزرعة clause under Liwa الأغوار الجنوبية",ENT-JO-QADA-92FBC9D44DB0,,,,"{""data"":""غور المزرعة"",""type"":""string""}",verified
CLM-36E23A9B28165DDE,1.0.0,verified,SRC-UNESCO-WHC-TN-2026,historical,high,,,,period,True,,,ordinary,World Heritage property 37,ENT-TN-SITE-CARTHAGE,,,,"{""data"":""Phoenician foundation traditionally dated to the 9th century BCE; later Roman city"",""type"":""string""}",verified
CLM-380A18882F1658E1,1.0.0,verified,SRC-JO-REGULATION-46-2000,official,high,,,2026-08-15,administrative_center,True,,,ordinary,"Regulation No. 46 of 2000, Article 4; Liwa الجيزة clause",ENT-JO-LIWA-40B36A511085,,,,"{""data"":""الجيزة"",""type"":""string""}",verified
CLM-3841A85D1F12570D,1.0.0,verified,SRC-JO-REGULATION-46-2000,official,high,,,2026-08-15,administrative_center,True,,,ordinary,"Regulation No. 46 of 2000, Article 2 and Article 4",ENT-JO-GOVERNORATE-644B08430E58,,,,"{""data"":""عمان"",""type"":""string""}",verified
CLM-389274D59B8A5EA1,1.0.0,verified,SRC-UNESCO-WHC-JO-1446,,high,,,2026-08-15,heritage_scope,True,,,ordinary,"Property 1446; description, inscription metadata, and coordinates",ENT-JO-SITE-5641ECFBB759,,,,"{""data"":""Two-part archaeological and pilgrimage property in the Jordan Valley north of the Dead Sea."",""type"":""string""}",verified
CLM-3892A43E951458FC,1.0.0,verified,SRC-JO-REGULATION-29-2024,official,high,,,2026-08-15,administrative_center,True,,,ordinary,Regulation No. 29 of 2024; replacement clause creating or promoting Liwa بلعما,ENT-JO-LIWA-C95536C75A5C,,2024-06-06,,"{""data"":""بلعما"",""type"":""string""}",verified
CLM-3904AE62BCC6549C,1.0.0,verified,SRC-JO-REGULATION-46-2000,official,high,,,2026-08-15,administrative_center,True,,,ordinary,"Regulation No. 46 of 2000, Article 5; Liwa الكورة clause",ENT-JO-LIWA-1A0681D3D403,,,,"{""data"":""دير أبي سعيد"",""type"":""string""}",verified
CLM-39C18A486CE45940,1.0.0,verified,SRC-JO-REGULATION-46-2000,official,high,,,2026-08-15,administrative_center,True,,,ordinary,"Regulation No. 46 of 2000, Article 2 and Article 5",ENT-JO-GOVERNORATE-59A1DEF0AA35,,,,"{""data"":""إربد"",""type"":""string""}",verified
CLM-39F590AE4CFC58D6,1.0.0,verified,SRC-JO-REGULATION-46-2000,official,high,,,2026-08-15,administrative_center,True,,,ordinary,"Regulation No. 46 of 2000, Article 6; Qada عيرا ويرقا clause under Liwa قصبة السلط",ENT-JO-QADA-1EA3807E62C9,,,,"{""data"":""يرقا"",""type"":""string""}",verified
CLM-3AD1A75F40C2578F,1.0.0,historical,SRC-UNESCO-WHC-JO-1721,historical,high,,,2026-08-15,place_classification,True,,,ordinary,Property 1721 description explicitly calls the property a rural settlement and records cessation of permanent settlement by the end of the eighth century,ENT-JO-PLACE-51A820559E7C,,,,"{""data"":""historical_place"",""type"":""string""}",verified
CLM-4095A0B2719859AE,1.0.0,verified,SRC-TN-INS-RGPH-2014,,high,,"Exact 2014 governorate total from INS RGPH Volume 3, PDF page 47.",2014-04-23,population,True,,,ordinary,"Volume 3, PDF p. 47, governorate row: الكاف",ENT-TN-GOVERNORATE-0D738EAC753C,person,,,"{""data"":243156,""type"":""integer""}",verified
CLM-4126A81DC1FB5472,1.0.0,verified,SRC-JO-REGULATION-46-2000,official,high,,,2026-08-15,administrative_center,True,,,ordinary,"Regulation No. 46 of 2000, Article 10; Liwa البادية الشمالية الغربية clause",ENT-JO-LIWA-9308C52B1EFC,,,,"{""data"":""مثلث جامعة آل البيت"",""type"":""string""}",verified
CLM-4191C3924FE15DDF,1.0.0,verified,SRC-JO-REGULATION-46-2000,official,high,,,2026-08-15,administrative_center,True,,,ordinary,"Regulation No. 46 of 2000, Article 7; Liwa الأغوار الجنوبية clause",ENT-JO-LIWA-21199BA166A1,,,,"{""data"":""غور الصافي"",""type"":""string""}",verified
CLM-44D7688ED9435BEA,1.0.0,verified,SRC-UNESCO-WHC-JO-1742,,high,,,2026-08-15,heritage_scope,True,,,ordinary,"Property 1742; description, natural-category inscription metadata, and coordinates",ENT-JO-SITE-6797180FA1CD,,,,"{""data"":""Marine property at the northern tip of the Red Sea containing coral reefs, seagrass beds, and mesophotic reefs."",""type"":""string""}",verified
CLM-4742284E3F8A5FCE,1.0.0,verified,SRC-JO-REGULATION-46-2000,official,high,,,2026-08-15,administrative_center,True,,,ordinary,"Regulation No. 46 of 2000, Article 10; Qada المنشية clause under Liwa قصبة المفرق",ENT-JO-QADA-328AC9B89EA6,,,,"{""data"":""منشية بني حسن"",""type"":""string""}",verified
CLM-4DA1ACBD9FD552DE,1.0.0,verified,SRC-UNESCO-WHC-JO-1742,official,high,,,2026-08-15,world_heritage_category,True,,,ordinary,"Property 1742; description, natural-category inscription metadata, and coordinates",ENT-JO-SITE-6797180FA1CD,,,,"{""data"":""natural"",""type"":""string""}",verified
CLM-4F549C4B82505D4C,1.0.0,verified,SRC-JO-REGULATION-46-2000,official,high,,,2026-08-15,administrative_center,True,,,ordinary,"Regulation No. 46 of 2000, Article 4; Liwa الموقر clause",ENT-JO-LIWA-E2D2792EA462,,,,"{""data"":""الموقر"",""type"":""string""}",verified
CLM-50960C8F88E1517A,1.0.0,verified,SRC-JO-REGULATION-46-2000,official,high,,,2026-08-15,administrative_center,True,,,ordinary,"Regulation No. 46 of 2000, Article 15; Liwa القويرة clause",ENT-JO-LIWA-D5EEECF9A038,,,,"{""data"":""القويرة"",""type"":""string""}",verified
CLM-51B952BD0EC053A3,1.0.0,verified,SRC-JO-REGULATION-46-2000,official,high,,,2026-08-15,administrative_center,True,,,ordinary,"Regulation No. 46 of 2000, Article 4; Liwa ناعور clause",ENT-JO-LIWA-05A773331E02,,,,"{""data"":""ناعور"",""type"":""string""}",verified
CLM-51EBC020C873568F,1.0.0,verified,SRC-UNESCO-WHC-TN-2026,historical,high,,,,period,True,,,ordinary,World Heritage property 1640,ENT-TN-SITE-DJERBA,,,,"{""data"":""Island settlement pattern documented from around the 9th century"",""type"":""string""}",verified
CLM-5677F8747A4A5885,1.0.0,verified,SRC-UNESCO-ICH-JO-00122,regional,high,,Geographic attribution is limited to the two places named by the institutional record.,2026-08-15,cultural_space,True,,,ordinary,Representative List element 00122 explicitly names Petra and Wadi Rum,ENT-JO-SITE-23D0618EACF3,,,,"{""data"":""Cultural space of the Bedu in Petra and Wadi Rum"",""type"":""string""}",verified
CLM-581A9AD7C34351C9,1.0.0,verified,SRC-UNESCO-WHC-TN-2026,historical,high,,,,period,True,,,ordinary,World Heritage property 38,ENT-TN-SITE-AMPHITHEATRE-EL-JEM,,,,"{""data"":""Third century CE Roman amphitheatre"",""type"":""string""}",verified
CLM-58E10A65B0A9518C,1.0.0,verified,SRC-UNESCO-WHC-TN-2026,official,high,,,,protection_status,True,,,ordinary,World Heritage property 332,ENT-TN-SITE-KERKUANE,,,,"{""data"":""UNESCO World Heritage property, inscribed 1985"",""type"":""string""}",verified
CLM-5A9D546BDB2454D4,1.0.0,verified,SRC-JO-REGULATION-46-2000,official,high,,,2026-08-15,administrative_center,True,,,ordinary,"Regulation No. 46 of 2000, Article 13; Qada برما clause under Liwa قصبة جرش",ENT-JO-QADA-EA7D8D6741BD,,,,"{""data"":""برما"",""type"":""string""}",verified
CLM-5C5822FCCE295BCE,1.0.0,verified,SRC-TN-ONTT-PLACES-2018,historical,high,,,,market_character,True,,,ordinary,Around Tunis: central souks of the medina; Souk Medina attraction page,ENT-TN-MARKET-MEDINA-CENTRAL-SOUKS,,,,"{""data"":""Covered streets historically organized by trade and craft"",""type"":""string""}",verified
CLM-5C925D88368C5AD5,1.0.0,verified,SRC-UNESCO-WHC-TN-2026,historical,high,,,,period,True,,,ordinary,World Heritage property 794 and maps,ENT-TN-SITE-DOUGGA,,,,"{""data"":""Numidian settlement and Romanized town"",""type"":""string""}",verified
CLM-5E45F69B17C85830,1.0.0,verified,SRC-JO-REGULATION-46-2000,official,high,,,2026-08-15,administrative_center,True,,,ordinary,"Regulation No. 46 of 2000, Article 8; Liwa البتراء clause",ENT-JO-LIWA-52DCFF661A5B,,,,"{""data"":""وادي موسى"",""type"":""string""}",verified
CLM-5E8B83AC24CC58CB,1.0.0,verified,SRC-JO-MOI-RUWAYSHID-2026,official,high,,,2026-08-15,administrative_center,True,,,ordinary,Current Ministry of Interior page identifying Liwa Ruwayshid in Mafraq Governorate,ENT-JO-LIWA-BDD37882C33B,,,,"{""data"":""الرويشد"",""type"":""string""}",verified
CLM-5F10169D64B3576E,1.0.0,verified,SRC-JO-REGULATION-46-2000,official,high,,,2026-08-15,administrative_center,True,,,ordinary,"Regulation No. 46 of 2000, Article 10; Qada سما السرحان clause under Liwa البادية الشمالية الغربية",ENT-JO-QADA-E4286EEDF644,,,,"{""data"":""سما السرحان"",""type"":""string""}",verified
CLM-5F89225106935E96,1.0.0,verified,SRC-TN-INS-RGPH-2014,,high,,"Exact 2014 governorate total from INS RGPH Volume 3, PDF page 47.",2014-04-23,population,True,,,ordinary,"Volume 3, PDF p. 47, governorate row: قبلي",ENT-TN-GOVERNORATE-1864AE41D5B4,person,,,"{""data"":156961,""type"":""integer""}",verified
CLM-6072B3A62B245ABE,1.0.0,verified,SRC-UNESCO-WHC-TN-2026,historical,high,,,,period,True,,,ordinary,World Heritage property 36,ENT-TN-SITE-MEDINA-TUNIS,,,,"{""data"":""Islamic city founded in 698; major Almohad and Hafsid period"",""type"":""string""}",verified
CLM-6187605D803C5854,1.0.0,verified,SRC-JO-REGULATION-46-2000,official,high,,,2026-08-15,administrative_center,True,,,ordinary,"Regulation No. 46 of 2000, Article 6; Liwa عين الباشا clause",ENT-JO-LIWA-F59532A2657F,,,,"{""data"":""عين الباشا"",""type"":""string""}",verified
CLM-6347157F59D853BF,1.0.0,verified,SRC-JO-REGULATION-46-2000,official,high,,,2026-08-15,administrative_center,True,,,ordinary,"Regulation No. 46 of 2000, Article 10; Qada الخالدية clause under Liwa البادية الشمالية الغربية",ENT-JO-QADA-EC545995CDDA,,,,"{""data"":""الخالدية"",""type"":""string""}",verified
CLM-63EBFB67ADC85493,1.0.0,verified,SRC-TN-INS-RGPH-2014,,high,,"Exact 2014 governorate total from INS RGPH Volume 3, PDF page 47.",2014-04-23,population,True,,,ordinary,"Volume 3, PDF p. 47, governorate row: نابل",ENT-TN-GOVERNORATE-EA30E853F598,person,,,"{""data"":787918,""type"":""integer""}",verified
CLM-6497F4D291A75112,1.0.0,verified,SRC-JO-REGULATION-29-2024,official,high,,,2026-08-15,administrative_center,True,,,ordinary,Regulation No. 29 of 2024; replacement clause creating or promoting Liwa مؤاب,ENT-JO-LIWA-FB398DA3730D,,2024-06-06,,"{""data"":""الحسينية"",""type"":""string""}",verified
CLM-67A8EB36E592508C,1.0.0,verified,SRC-JO-REGULATION-46-2000,official,high,,,2026-08-15,administrative_center,True,,,ordinary,"Regulation No. 46 of 2000, Article 2 and Article 13",ENT-JO-GOVERNORATE-F7030BE732D5,,,,"{""data"":""جرش"",""type"":""string""}",verified
CLM-6811459FD22B57FA,1.0.0,verified,SRC-JO-REGULATION-46-2000,official,high,,,2026-08-15,administrative_center,True,,,ordinary,"Regulation No. 46 of 2000, Article 4; Liwa سحاب clause",ENT-JO-LIWA-E7D97BEF40CA,,,,"{""data"":""سحاب"",""type"":""string""}",verified
CLM-695C085F487C574E,1.0.0,verified,SRC-JO-REGULATION-46-2000,official,high,,,2026-08-15,administrative_center,True,,,ordinary,"Regulation No. 46 of 2000, Article 7; Qada الموجب clause under Liwa القصر",ENT-JO-QADA-4BC98C01F32A,,,,"{""data"":""المغير"",""type"":""string""}",verified
CLM-699F3E63ECBA5A0C,1.0.0,verified,SRC-JO-REGULATION-46-2000,official,high,,,2026-08-15,administrative_center,True,,,ordinary,"Regulation No. 46 of 2000, Article 4; Liwa وادي السير clause",ENT-JO-LIWA-2EC144CEBFB6,,,,"{""data"":""وادي السير"",""type"":""string""}",verified
CLM-6A9A98FFFA925727,1.0.0,verified,SRC-JO-REGULATION-46-2000,official,high,,,2026-08-15,administrative_center,True,,,ordinary,"Regulation No. 46 of 2000, Article 5; Liwa الرمثا clause",ENT-JO-LIWA-532C9B46EAA6,,,,"{""data"":""الرمثا"",""type"":""string""}",verified
CLM-6D8D7D1ADCB2582B,1.0.0,historical,SRC-UNESCO-WHC-JO-1093,historical,high,,,2026-08-15,place_classification,True,,,ordinary,Property 1093 brief description states that the Roman camp grew to become a town from the fifth century,ENT-JO-PLACE-4F96A66187A3,,,,"{""data"":""historical_place"",""type"":""string""}",verified
CLM-6E14E7C897B25972,1.0.0,verified,SRC-TN-INS-RGPH-2014,,high,,"Exact 2014 governorate total from INS RGPH Volume 3, PDF page 47.",2014-04-23,population,True,,,ordinary,"Volume 3, PDF p. 47, governorate row: سيدي بوزيد",ENT-TN-GOVERNORATE-47F772AA4A84,person,,,"{""data"":429912,""type"":""integer""}",verified
CLM-7082DDBB8F6457DF,1.0.0,verified,SRC-JO-REGULATION-46-2000,official,high,,,2026-08-15,administrative_center,True,,,ordinary,"Regulation No. 46 of 2000, Article 5; Liwa الأغوار الشمالية clause",ENT-JO-LIWA-2A431ED8DCB5,,,,"{""data"":""الشونة الشمالية"",""type"":""string""}",verified
CLM-717116C5DC285F31,1.0.0,verified,SRC-JO-REGULATION-46-2000,official,high,,,2026-08-15,administrative_center,True,,,ordinary,"Regulation No. 46 of 2000, Article 5; Liwa بني عبيد clause",ENT-JO-LIWA-3788C9BAB67E,,,,"{""data"":""الحصن"",""type"":""string""}",verified
CLM-71909EC73C67523B,1.0.0,verified,SRC-UNESCO-WHC-JO-1377,official,high,,,2026-08-15,world_heritage_category,True,,,ordinary,"Property 1377; description, mixed-category inscription metadata, and coordinates",ENT-JO-SITE-8D75F7A78E1E,,,,"{""data"":""mixed"",""type"":""string""}",verified
CLM-7244B937E6A45DE6,1.0.0,verified,SRC-UNESCO-WHC-JO-689,official,high,,,2026-08-15,world_heritage_inscription_year,True,,,ordinary,"Property 689rev; description, State Party metadata, inscription year, and coordinates",ENT-JO-SITE-A91A1B1F9D0A,,,,"{""data"":2021,""type"":""integer""}",verified
CLM-75D6F18E1E8F56B0,1.0.0,verified,SRC-UNESCO-WHC-JO-1721,,high,,,2026-08-15,heritage_scope,True,,,ordinary,"Property 1721; description, inscription metadata, and coordinates",ENT-JO-SITE-CBB3CDB0CBFC,,,,"{""data"":""Archaeological property preserving a Hauranian rural settlement with Byzantine and Early Islamic basalt structures."",""type"":""string""}",verified
CLM-766905B5A0295C7E,1.0.0,verified,SRC-UNESCO-WHC-JO-1093,official,high,,,2026-08-15,world_heritage_inscription_year,True,,,ordinary,"Property 1093; description, inscription metadata, and geographical component 1093-001 (Castrum)",ENT-JO-SITE-A7CDF244E03B,,,,"{""data"":2004,""type"":""integer""}",verified
CLM-78470775F84F5AE6,1.0.0,verified,SRC-UNESCO-WHC-TN-2026,official,high,,,,place_classification,True,,,ordinary,World Heritage property 1769: Village of Sidi Bou Saïd,ENT-TN-VILLAGE-SIDI-BOU-SAID,,,,"{""data"":""village"",""type"":""string""}",verified
CLM-7A745A4522155266,1.0.0,verified,SRC-TN-INS-RGPH-2014,,high,,"Exact 2014 governorate total from INS RGPH Volume 3, PDF page 47.",2014-04-23,population,True,,,ordinary,"Volume 3, PDF p. 47, governorate row: تطاوين",ENT-TN-GOVERNORATE-DAC2A2592975,person,,,"{""data"":149453,""type"":""integer""}",verified
CLM-7C00558D33805D50,1.0.0,verified,SRC-JO-REGULATION-46-2000,official,high,,,2026-08-15,administrative_center,True,,,ordinary,"Regulation No. 46 of 2000, Article 2 and Article 11",ENT-JO-GOVERNORATE-CAA34B5247BD,,,,"{""data"":""الطفيلة"",""type"":""string""}",verified
CLM-82653461C4645BBC,1.0.0,verified,SRC-UNESCO-IBN-KHALDUN,historical,high,,,,significance,True,,,ordinary,"UNESCO Courier, 1986-01, p. 17: principal work and theory of society and history",ENT-TN-PERSON-IBN-KHALDUN,,,,"{""data"":""Historian and author whose work developed a major analysis of society and history"",""type"":""string""}",verified
CLM-84846FC35699587E,1.0.0,verified,SRC-JO-REGULATION-46-2000,official,high,,,2026-08-15,administrative_center,True,,,ordinary,"Regulation No. 46 of 2000, Article 10; Liwa قصبة المفرق clause",ENT-JO-LIWA-F8B874008FF7,,,,"{""data"":""المفرق"",""type"":""string""}",verified
CLM-85B88348C4375140,1.0.0,verified,SRC-JO-REGULATION-46-2000,official,high,,,2026-08-15,administrative_center,True,,,ordinary,"Regulation No. 46 of 2000, Article 7; Liwa القصر clause",ENT-JO-LIWA-CEA4E6C3DDA9,,,,"{""data"":""القصر"",""type"":""string""}",verified
CLM-8A66F2010AC25824,1.0.0,verified,SRC-TN-ONTT-PLACES-2018,official,high,,,,place_classification,True,,,ordinary,Around Carthage and Sidi Bou Said: modern Carthage described as a fashionable city,ENT-TN-CITY-CARTHAGE,,,,"{""data"":""city"",""type"":""string""}",verified
CLM-8C5ADE3D085952DA,1.0.0,verified,SRC-UNESCO-WHC-TN-2026,official,high,,,,protection_status,True,,,ordinary,World Heritage property 36,ENT-TN-SITE-MEDINA-TUNIS,,,,"{""data"":""UNESCO World Heritage property, inscribed 1979"",""type"":""string""}",verified
CLM-8D035D52F00B5B8F,1.0.0,verified,SRC-JO-REGULATION-46-2000,official,high,,,2026-08-15,administrative_center,True,,,ordinary,"Regulation No. 46 of 2000, Article 9; Liwa قصبة الزرقاء clause",ENT-JO-LIWA-C10C1AF7E34A,,,,"{""data"":""الزرقاء"",""type"":""string""}",verified
CLM-8F03399059915CD3,1.0.0,verified,SRC-UNESCO-WHC-TN-2026,official,high,,,,protection_status,True,,,ordinary,World Heritage property 8,ENT-TN-SITE-ICHKEUL,,,,"{""data"":""National park and UNESCO World Heritage property, inscribed 1980"",""type"":""string""}",verified
CLM-9050A9083C3A5A8A,1.0.0,verified,SRC-JO-REGULATION-46-2000,official,high,,,2026-08-15,administrative_center,True,,,ordinary,"Regulation No. 46 of 2000, Article 10; Qada أم القطين clause under Liwa البادية الشمالية",ENT-JO-QADA-93010DFA4482,,,,"{""data"":""أم القطين"",""type"":""string""}",verified
CLM-905829C036E15A70,1.0.0,verified,SRC-TN-INS-RGPH-2014,,high,,"Exact 2014 governorate total from INS RGPH Volume 3, PDF page 47.",2014-04-23,population,True,,,ordinary,"Volume 3, PDF p. 47, governorate row: قابس",ENT-TN-GOVERNORATE-DF747014232C,person,,,"{""data"":374300,""type"":""integer""}",verified
CLM-90B00BCDE9A95D2A,1.0.0,verified,SRC-TN-INS-RGPH-2014,,high,,"Exact 2014 governorate total from INS RGPH Volume 3, PDF page 47.",2014-04-23,population,True,,,ordinary,"Volume 3, PDF p. 47, governorate row: المنستير",ENT-TN-GOVERNORATE-5BC9A7217C8C,person,,,"{""data"":548828,""type"":""integer""}",verified
CLM-9114C99C5BB35CE9,1.0.0,verified,SRC-JO-REGULATION-46-2000,official,high,,,2026-08-15,administrative_center,True,,,ordinary,"Regulation No. 46 of 2000, Article 7; Liwa القطرانة clause",ENT-JO-LIWA-EC79F4BDDFFE,,,,"{""data"":""القطرانة"",""type"":""string""}",verified
CLM-9128A4FEDDBF5BC7,1.0.0,verified,SRC-UNESCO-WHC-TN-2026,official,high,,,,place_classification,True,,,ordinary,World Heritage property 332: Punic Town of Kerkuane,ENT-TN-HISTORICAL-PLACE-KERKUANE,,,,"{""data"":""historical_place"",""type"":""string""}",verified
CLM-91350C5BD0335062,1.0.0,verified,SRC-UNESCO-WHC-TN-2026,official,high,,,,protection_status,True,,,ordinary,World Heritage property 38,ENT-TN-SITE-AMPHITHEATRE-EL-JEM,,,,"{""data"":""UNESCO World Heritage property, inscribed 1979"",""type"":""string""}",verified
CLM-923B633B9F7653E3,1.0.0,verified,SRC-JO-REGULATION-46-2000,official,high,,,2026-08-15,administrative_center,True,,,ordinary,"Regulation No. 46 of 2000, Article 12; Qada مليح clause under Liwa ذيبان",ENT-JO-QADA-729578FB4898,,,,"{""data"":""مليح"",""type"":""string""}",verified
CLM-956FBE62EA8D52CB,1.0.0,verified,SRC-UNESCO-ICH-TN-2026,official,high,,,,place_classification,True,,,ordinary,ICH element 01406: the village of Sejnane,ENT-TN-VILLAGE-SEJNANE,,,,"{""data"":""village"",""type"":""string""}",verified
CLM-97F4430A55E65437,1.0.0,verified,SRC-TN-INS-RGPH-2014,,high,,"Exact 2014 governorate total from INS RGPH Volume 3, PDF page 47.",2014-04-23,population,True,,,ordinary,"Volume 3, PDF p. 47, governorate row: توزر",ENT-TN-GOVERNORATE-D7972CC63F7E,person,,,"{""data"":107912,""type"":""integer""}",verified
CLM-9A79D1069D98581C,1.0.0,verified,SRC-UNESCO-WHC-TN-2026,official,high,,,,protection_status,True,,,ordinary,World Heritage property 1640,ENT-TN-SITE-DJERBA,,,,"{""data"":""UNESCO World Heritage property, inscribed 2023"",""type"":""string""}",verified
CLM-9B976453C6E85002,1.0.0,verified,SRC-UNESCO-WHC-TN-2026,historical,high,,,,period,True,,,ordinary,World Heritage property 8,ENT-TN-SITE-ICHKEUL,,,,"{""data"":""Natural wetland and lake ecosystem"",""type"":""string""}",verified
CLM-9E467E3DBF2D54EA,1.0.0,verified,SRC-JO-REGULATION-46-2000,official,high,,,2026-08-15,administrative_center,True,,,ordinary,"Regulation No. 46 of 2000, Article 2 and Article 12",ENT-JO-GOVERNORATE-E6B6D2939853,,,,"{""data"":""مادبا"",""type"":""string""}",verified
CLM-A02991A6CE535C5D,1.0.0,verified,SRC-JO-REGULATION-46-2000,official,high,,,2026-08-15,administrative_center,True,,,ordinary,"Regulation No. 46 of 2000, Article 7; Liwa قصبة الكرك clause",ENT-JO-LIWA-71BA83D6D67A,,,,"{""data"":""الكرك"",""type"":""string""}",verified
CLM-A0A6AB2BDEB0523C,1.0.0,verified,SRC-UNESCO-ICH-JO-00122,regional,high,,Geographic attribution is limited to the two places named by the institutional record.,2026-08-15,cultural_space,True,,,ordinary,Representative List element 00122 explicitly names Petra and Wadi Rum,ENT-JO-SITE-8D75F7A78E1E,,,,"{""data"":""Cultural space of the Bedu in Petra and Wadi Rum"",""type"":""string""}",verified
CLM-A1634F3CCADA5A5C,1.0.0,verified,SRC-JO-REGULATION-46-2000,official,high,,,2026-08-15,administrative_center,True,,,ordinary,"Regulation No. 46 of 2000, Article 8; Qada أذرح clause under Liwa قصبة معان",ENT-JO-QADA-BC455937B4AD,,,,"{""data"":""أذرح"",""type"":""string""}",verified
CLM-A285A1F289965364,1.0.0,verified,SRC-JO-REGULATION-46-2000,official,high,,,2026-08-15,administrative_center,True,,,ordinary,"Regulation No. 46 of 2000, Article 2 and Article 10",ENT-JO-GOVERNORATE-20430BE80A89,,,,"{""data"":""المفرق"",""type"":""string""}",verified
CLM-A426B3FA94115D83,1.0.0,verified,SRC-JO-REGULATION-46-2000,official,high,,,2026-08-15,administrative_center,True,,,ordinary,"Regulation No. 46 of 2000, Article 12; Qada الفيصلية clause under Liwa قصبة مادبا",ENT-JO-QADA-1EC73BE19ADC,,,,"{""data"":""الفيصلية"",""type"":""string""}",verified
CLM-A42C0A6722C957DB,1.0.0,verified,SRC-UNESCO-WHC-TN-2026,official,high,,,,protection_status,True,,,ordinary,World Heritage property 1769,ENT-TN-SITE-SIDI-BOU-SAID,,,,"{""data"":""UNESCO World Heritage property, inscribed 2026"",""type"":""string""}",verified
CLM-A583EEC3020E5A4B,1.0.0,verified,SRC-TN-INS-RGPH-2014,,high,,"Exact 2014 governorate total from INS RGPH Volume 3, PDF page 47.",2014-04-23,population,True,,,ordinary,"Volume 3, PDF p. 47, governorate row: بن عروس",ENT-TN-GOVERNORATE-D5ED89886664,person,,,"{""data"":631842,""type"":""integer""}",verified
CLM-A74E4DB0722059B7,1.0.0,verified,SRC-TN-INS-RGPH-2014,,high,,"Exact 2014 governorate total from INS RGPH Volume 3, PDF page 47.",2014-04-23,population,True,,,ordinary,"Volume 3, PDF p. 47, governorate row: بنزرت",ENT-TN-GOVERNORATE-B1787F907937,person,,,"{""data"":568219,""type"":""integer""}",verified
CLM-A75D4E9B80945EEF,1.0.0,verified,SRC-UNESCO-WHC-TN-2026,,high,,,,condition,True,,,ordinary,World Heritage property 499,ENT-TN-SITE-KAIROUAN,,,,"{""data"":""Historic medina and major monuments"",""type"":""string""}",verified
CLM-A8A359B805EA5168,1.0.0,verified,SRC-JO-REGULATION-29-2024,official,high,,,2026-08-15,administrative_center,True,,,ordinary,Regulation No. 29 of 2024; replacement clause creating or promoting Liwa المعراض,ENT-JO-LIWA-F2EA096D9CDA,,2024-06-06,,"{""data"":""الكتة"",""type"":""string""}",verified
CLM-A8F74E11BA7C50E8,1.0.0,verified,SRC-JO-REGULATION-46-2000,official,high,,,2026-08-15,administrative_center,True,,,ordinary,"Regulation No. 46 of 2000, Article 15; Qada وادي عربة clause under Liwa قصبة العقبة",ENT-JO-QADA-DAE63CE24DD8,,,,"{""data"":""الريشة"",""type"":""string""}",verified
CLM-A968DAF688615537,1.0.0,verified,SRC-TN-INS-RGPH-2014,,high,,"Exact 2014 governorate total from INS RGPH Volume 3, PDF page 47.",2014-04-23,population,True,,,ordinary,"Volume 3, PDF p. 47, governorate row: تونس",ENT-TN-GOVERNORATE-DB8D5C457676,person,,,"{""data"":1056247,""type"":""integer""}",verified
CLM-AAAB530D80D75137,1.0.0,verified,SRC-JO-REGULATION-46-2000,official,high,,,2026-08-15,administrative_center,True,,,ordinary,"Regulation No. 46 of 2000, Article 8; Qada إيل clause under Liwa قصبة معان",ENT-JO-QADA-EEED871CA4A2,,,,"{""data"":""إيل"",""type"":""string""}",verified
CLM-AB796EBFF6D25021,1.0.0,verified,SRC-JO-REGULATION-46-2000,official,high,,,2026-08-15,administrative_center,True,,,ordinary,"Regulation No. 46 of 2000, Article 8; Qada المريغة clause under Liwa قصبة معان",ENT-JO-QADA-1B5FF386CC83,,,,"{""data"":""المريغة"",""type"":""string""}",verified
CLM-AD0A711D2FC55A42,1.0.0,verified,SRC-JO-REGULATION-46-2000,official,high,,,2026-08-15,administrative_center,True,,,ordinary,"Regulation No. 46 of 2000, Article 4; Qada أم الرصاص clause under Liwa الجيزة",ENT-JO-QADA-0C9A4090E42A,,,,"{""data"":""أم الرصاص"",""type"":""string""}",verified
CLM-AD3C5FB11440556F,1.0.0,verified,SRC-JO-REGULATION-46-2000,official,high,,,2026-08-15,administrative_center,True,,,ordinary,"Regulation No. 46 of 2000, Article 13; Qada المصطبة clause under Liwa قصبة جرش",ENT-JO-QADA-2CC53F76A9E2,,,,"{""data"":""المصطبة"",""type"":""string""}",verified
CLM-AE74B422A5A15733,1.0.0,verified,SRC-JO-REGULATION-46-2000,official,high,,,2026-08-15,administrative_center,True,,,ordinary,"Regulation No. 46 of 2000, Article 5; Liwa المزار الشمالي clause",ENT-JO-LIWA-9D5690A44520,,,,"{""data"":""المزار الشمالي"",""type"":""string""}",verified
CLM-AFBB005E6D1C5FB9,1.0.0,verified,SRC-JO-REGULATION-46-2000,official,high,,,2026-08-15,administrative_center,True,,,ordinary,"Regulation No. 46 of 2000, Article 12; Qada العريض clause under Liwa ذيبان",ENT-JO-QADA-3BB48D6DADB5,,,,"{""data"":""العريض"",""type"":""string""}",verified
CLM-B11D02C3508856EE,1.0.0,verified,SRC-JO-REGULATION-29-2024,official,high,,,2026-08-15,administrative_center,True,,,ordinary,Regulation No. 29 of 2024; replacement clause creating or promoting Liwa غرب إربد,ENT-JO-LIWA-20C22BC51869,,2024-06-06,,"{""data"":""كفر يوبا"",""type"":""string""}",verified
CLM-B17FF880127E503F,1.0.0,verified,SRC-UNESCO-WHC-TN-2026,official,high,,,,protection_status,True,,,ordinary,World Heritage property 37,ENT-TN-SITE-CARTHAGE,,,,"{""data"":""UNESCO World Heritage property, inscribed 1979"",""type"":""string""}",verified
CLM-B3CC9F2AAD8A5672,1.0.0,verified,SRC-UNESCO-WHC-JO-326,,high,,,2026-08-15,heritage_scope,True,,,ordinary,"Property 326; description, Ma’an Governorate metadata, inscription year, and coordinates",ENT-JO-SITE-23D0618EACF3,,,,"{""data"":""Archaeological property of the Nabataean caravan-city of Petra."",""type"":""string""}",verified
CLM-B4B0DC41BD5F5A72,1.0.0,historical,SRC-UNESCO-WHC-JO-326,historical,high,,,2026-08-15,place_classification,True,,,ordinary,Property 326 brief description characterizes Petra as a Nabataean caravan-city,ENT-JO-PLACE-3E21AB3F0907,,,,"{""data"":""historical_place"",""type"":""string""}",verified
CLM-B4C99B9C0F005C4C,1.0.0,verified,SRC-JO-REGULATION-46-2000,official,high,,,2026-08-15,administrative_center,True,,,ordinary,"Regulation No. 46 of 2000, Article 6; Qada زي clause under Liwa قصبة السلط",ENT-JO-QADA-EF24AE55EEBD,,,,"{""data"":""علان"",""type"":""string""}",verified
CLM-B52F379EED2457CC,1.0.0,verified,SRC-JO-REGULATION-46-2000,official,high,,,2026-08-15,administrative_center,True,,,ordinary,"Regulation No. 46 of 2000, Article 4; Liwa ماركا clause",ENT-JO-LIWA-C3D864A11155,,,,"{""data"":""ماركا"",""type"":""string""}",verified
CLM-B5F70004034A5C7F,1.0.0,verified,SRC-TN-ONTT-PLACES-2018,official,high,,,,place_classification,True,,,ordinary,Around Sousse and Port El Kantaoui: Sousse is Tunisia's third biggest city,ENT-TN-CITY-SOUSSE,,,,"{""data"":""city"",""type"":""string""}",verified
CLM-B84479078EFA556D,1.0.0,verified,SRC-JO-REGULATION-46-2000,official,high,,,2026-08-15,administrative_center,True,,,ordinary,"Regulation No. 46 of 2000, Article 12; Qada جرينة clause under Liwa قصبة مادبا",ENT-JO-QADA-815B4978363F,,,,"{""data"":""جرينة"",""type"":""string""}",verified
CLM-B89D78A09FD7553E,1.0.0,verified,SRC-JO-REGULATION-46-2000,official,high,,,2026-08-15,administrative_center,True,,,ordinary,"Regulation No. 46 of 2000, Article 9; Qada بيرين clause under Liwa قصبة الزرقاء",ENT-JO-QADA-2DFAEAAAF0B1,,,,"{""data"":""بيرين"",""type"":""string""}",verified
CLM-B92B6A882D135E84,1.0.0,verified,SRC-JO-REGULATION-46-2000,official,high,,,2026-08-15,administrative_center,True,,,ordinary,"Regulation No. 46 of 2000, Article 11; Liwa قصبة الطفيلة clause",ENT-JO-LIWA-87287CD200B1,,,,"{""data"":""الطفيلة"",""type"":""string""}",verified
CLM-BA4B5F79CAF65138,1.0.0,verified,SRC-JO-REGULATION-46-2000,official,high,,,2026-08-15,administrative_center,True,,,ordinary,"Regulation No. 46 of 2000, Article 12; Qada ماعين clause under Liwa قصبة مادبا",ENT-JO-QADA-2E61A16B0455,,,,"{""data"":""ماعين"",""type"":""string""}",verified
CLM-BC1764AEF8C85809,1.0.0,verified,SRC-JO-REGULATION-46-2000,official,high,,,2026-08-15,administrative_center,True,,,ordinary,"Regulation No. 46 of 2000, Article 6; Liwa قصبة السلط clause",ENT-JO-LIWA-4F9D4CBD1EE1,,,,"{""data"":""السلط"",""type"":""string""}",verified
CLM-BC1B545267C059D1,1.0.0,verified,SRC-TN-ONTT-PLACES-2018,official,high,,,,place_classification,True,,,ordinary,Around Carthage and Sidi Bou Said: remains of the Magon quarter,ENT-TN-SITE-MAGON,,,,"{""data"":""archaeological_site"",""type"":""string""}",verified
CLM-BC1D2C6AB2AA5070,1.0.0,verified,SRC-UNESCO-WHC-JO-1721,official,high,,,2026-08-15,world_heritage_inscription_year,True,,,ordinary,"Property 1721; description, inscription metadata, and coordinates",ENT-JO-SITE-CBB3CDB0CBFC,,,,"{""data"":2024,""type"":""integer""}",verified
CLM-BD6DB8CF79D952C5,1.0.0,verified,SRC-UNESCO-ICH-JO-01301,official,high,,National Jordan scope only; this claim is not copied to any locality.,2026-08-15,performance_practice,True,,,ordinary,"Representative List element 01301; element title, description, and inscription record",ENT-JO-COUNTRY,,,,"{""data"":""As-Samer in Jordan"",""type"":""string""}",verified
CLM-BEBA97209595540F,1.0.0,verified,SRC-JO-REGULATION-46-2000,official,high,,,2026-08-15,administrative_center,True,,,ordinary,"Regulation No. 46 of 2000, Article 5; Liwa الطيبة clause",ENT-JO-LIWA-2E61885AA2F4,,,,"{""data"":""الطيبة"",""type"":""string""}",verified
CLM-BEC80FD6BAAD5B05,1.0.0,verified,SRC-JO-REGULATION-46-2000,official,high,,,2026-08-15,administrative_center,True,,,ordinary,"Regulation No. 46 of 2000, Article 5; Liwa الوسطية clause",ENT-JO-LIWA-9E0FFCD0840F,,,,"{""data"":""كفر أسد"",""type"":""string""}",verified
CLM-BFE45B51B2375B39,1.0.0,verified,SRC-JO-REGULATION-46-2000,official,high,,,2026-08-15,administrative_center,True,,,ordinary,"Regulation No. 46 of 2000, Article 14; Qada عرجان clause under Liwa قصبة عجلون",ENT-JO-QADA-6DE85551878A,,,,"{""data"":""عرجان"",""type"":""string""}",verified
CLM-C1D26F7B09655AEE,1.0.0,verified,SRC-UNESCO-WHC-TN-2026,,high,,,,condition,True,,,ordinary,World Heritage property 38,ENT-TN-SITE-AMPHITHEATRE-EL-JEM,,,,"{""data"":""Monumental stone amphitheatre remains"",""type"":""string""}",verified
CLM-C2AB3835C810590A,1.0.0,verified,SRC-JO-REGULATION-46-2000,official,high,,,2026-08-15,administrative_center,True,,,ordinary,"Regulation No. 46 of 2000, Article 8; Liwa الحسينية clause",ENT-JO-LIWA-0E1F65ACCB01,,,,"{""data"":""الحسينية"",""type"":""string""}",verified
CLM-C349E2F61DDA53A7,1.0.0,verified,SRC-UNESCO-WHC-JO-1093,,high,,,2026-08-15,heritage_scope,True,,,ordinary,"Property 1093; description, inscription metadata, and geographical component 1093-001 (Castrum)",ENT-JO-SITE-A7CDF244E03B,,,,"{""data"":""Archaeological property with Roman, Byzantine, and Early Muslim remains; the coordinate is the published Castrum component point."",""type"":""string""}",verified
CLM-C5B92FBA77625146,1.0.0,verified,SRC-UNESCO-WHC-JO-1377,official,high,,,2026-08-15,world_heritage_inscription_year,True,,,ordinary,"Property 1377; description, mixed-category inscription metadata, and coordinates",ENT-JO-SITE-8D75F7A78E1E,,,,"{""data"":2011,""type"":""integer""}",verified
CLM-C88F38DBE294528C,1.0.0,verified,SRC-JO-REGULATION-46-2000,official,high,,,2026-08-15,administrative_center,True,,,ordinary,"Regulation No. 46 of 2000, Article 2 and Article 9",ENT-JO-GOVERNORATE-F18D55CC6398,,,,"{""data"":""الزرقاء"",""type"":""string""}",verified
CLM-C9640C9B65B95D6C,1.0.0,verified,SRC-JO-REGULATION-46-2000,official,high,,,2026-08-15,administrative_center,True,,,ordinary,"Regulation No. 46 of 2000, Article 12; Liwa قصبة مادبا clause",ENT-JO-LIWA-46C51EE904F4,,,,"{""data"":""مادبا"",""type"":""string""}",verified
CLM-CA9A7B08C1D45639,1.0.0,verified,SRC-UNESCO-IBN-KHALDUN,historical,high,,,,place_connection,True,,,ordinary,"UNESCO Courier, 1986-01, pp. 17–18; p. 17: Tunisian historian born in 1332",ENT-TN-PERSON-IBN-KHALDUN,,,,"{""data"":""Born in Tunis in 1332"",""type"":""string""}",verified
CLM-CA9C3149E6625D46,1.0.0,verified,SRC-TN-ONTT-PLACES-2018,popular,high,,,,traditional_clothing_goods,True,,,ordinary,Around Tunis: central souks of the medina; Souk Medina attraction page,ENT-TN-MARKET-MEDINA-CENTRAL-SOUKS,,,,"{""data"":""Traditional clothing and chechias are among the goods described in the souks"",""type"":""string""}",verified
CLM-CCEB5F6D38005E58,1.0.0,verified,SRC-UNESCO-WHC-JO-1446,official,high,,,2026-08-15,world_heritage_category,True,,,ordinary,"Property 1446; description, inscription metadata, and coordinates",ENT-JO-SITE-5641ECFBB759,,,,"{""data"":""cultural"",""type"":""string""}",verified
CLM-CD142E6E91FB5F3B,1.0.0,verified,SRC-JO-REGULATION-46-2000,official,high,,,2026-08-15,administrative_center,True,,,ordinary,"Regulation No. 46 of 2000, Article 6; Qada العارضة clause under Liwa قصبة السلط",ENT-JO-QADA-44B6E089BFBD,,,,"{""data"":""الصبيحي"",""type"":""string""}",verified
CLM-CD6E30EC08865390,1.0.0,verified,SRC-JO-REGULATION-46-2000,official,high,,,2026-08-15,administrative_center,True,,,ordinary,"Regulation No. 46 of 2000, Article 9; Qada الأزرق clause under Liwa قصبة الزرقاء",ENT-JO-QADA-75B9F0D4A535,,,,"{""data"":""مثلث الأزرق الشمالي والأزرق الجنوبي"",""type"":""string""}",verified
CLM-CFF3140154B95A9D,1.0.0,verified,SRC-UNESCO-WHC-TN-2026,,high,,,,condition,True,,,ordinary,World Heritage property 8,ENT-TN-SITE-ICHKEUL,,,,"{""data"":""Integrity depends on freshwater inflow; restoration and monitoring documented"",""type"":""string""}",verified
CLM-D08DFE66D5125784,1.0.0,verified,SRC-TN-INS-RGPH-2014,,high,,"Exact 2014 governorate total from INS RGPH Volume 3, PDF page 47.",2014-04-23,population,True,,,ordinary,"Volume 3, PDF p. 47, governorate row: صفاقس",ENT-TN-GOVERNORATE-97D2B1489F90,person,,,"{""data"":955421,""type"":""integer""}",verified
CLM-D0B14B2B9CD25F8C,1.0.0,verified,SRC-JO-REGULATION-46-2000,official,high,,,2026-08-15,administrative_center,True,,,ordinary,"Regulation No. 46 of 2000, Article 2 and Article 6",ENT-JO-GOVERNORATE-D568D76A8FF7,,,,"{""data"":""السلط"",""type"":""string""}",verified
CLM-D118BF1C48EB5F58,1.0.0,verified,SRC-JO-REGULATION-46-2000,official,high,,,2026-08-15,administrative_center,True,,,ordinary,"Regulation No. 46 of 2000, Article 6; Liwa ماحص والفحيص clause",ENT-JO-LIWA-6C4AA17AB00E,,,,"{""data"":""الفحيص"",""type"":""string""}",verified
CLM-D267C300CB5C52FD,1.0.0,verified,SRC-TN-INS-RGPH-2014,,high,,"Exact 2014 governorate total from INS RGPH Volume 3, PDF page 47.",2014-04-23,population,True,,,ordinary,"Volume 3, PDF p. 47, governorate row: سليانة",ENT-TN-GOVERNORATE-A460B4F223EB,person,,,"{""data"":223087,""type"":""integer""}",verified
CLM-D277D8AFE7505249,1.0.0,verified,SRC-JO-REGULATION-46-2000,official,high,,,2026-08-15,administrative_center,True,,,ordinary,"Regulation No. 46 of 2000, Article 4; Qada أم البساتين clause under Liwa ناعور",ENT-JO-QADA-617FF49113A5,,,,"{""data"":""أم البساتين"",""type"":""string""}",verified
CLM-D4731C818B175CC3,1.0.0,verified,SRC-TN-INS-RGPH-2014,,high,,"Exact 2014 governorate total from INS RGPH Volume 3, PDF page 47.",2014-04-23,population,True,,,ordinary,"Volume 3, PDF p. 47, governorate row: القيروان",ENT-TN-GOVERNORATE-D28A09D558AD,person,,,"{""data"":570436,""type"":""integer""}",verified
CLM-D4E0848EBD745E66,1.0.0,verified,SRC-UNESCO-WHC-TN-2026,,high,,,,condition,True,,,ordinary,World Heritage property 1769,ENT-TN-SITE-SIDI-BOU-SAID,,,,"{""data"":""Picturesque cliff-top village whose architecture and urban planning integrate with its natural environment"",""type"":""string""}",verified
CLM-D58F23A49C755126,1.0.0,verified,SRC-JO-REGULATION-46-2000,official,high,,,2026-08-15,administrative_center,True,,,ordinary,"Regulation No. 46 of 2000, Article 14; Qada صخرة clause under Liwa قصبة عجلون",ENT-JO-QADA-4033651E517C,,,,"{""data"":""صخرة"",""type"":""string""}",verified
CLM-D5ED44CFB91B5375,1.0.0,verified,SRC-UNESCO-WHC-JO-1446,official,high,,,2026-08-15,world_heritage_inscription_year,True,,,ordinary,"Property 1446; description, inscription metadata, and coordinates",ENT-JO-SITE-5641ECFBB759,,,,"{""data"":2015,""type"":""integer""}",verified
CLM-D76235667F9C5FF0,1.0.0,verified,SRC-JO-REGULATION-46-2000,official,high,,,2026-08-15,administrative_center,True,,,ordinary,"Regulation No. 46 of 2000, Article 2 and Article 7",ENT-JO-GOVERNORATE-CF8CA19A5F65,,,,"{""data"":""الكرك"",""type"":""string""}",verified
CLM-D892A6CDFA73546D,1.0.0,verified,SRC-JO-REGULATION-46-2000,official,high,,,2026-08-15,administrative_center,True,,,ordinary,"Regulation No. 46 of 2000, Article 13; Liwa قصبة جرش clause",ENT-JO-LIWA-B96BF35EE417,,,,"{""data"":""جرش"",""type"":""string""}",verified
CLM-DC1F27BF6F5D581E,1.0.0,verified,SRC-JO-REGULATION-46-2000,official,high,,,2026-08-15,administrative_center,True,,,ordinary,"Regulation No. 46 of 2000, Article 7; Liwa فقوع clause",ENT-JO-LIWA-90D095ED7B51,,,,"{""data"":""فقوع"",""type"":""string""}",verified
CLM-DCD8AAD53D605E9D,1.0.0,verified,SRC-JO-REGULATION-46-2000,official,high,,,2026-08-15,administrative_center,True,,,ordinary,"Regulation No. 46 of 2000, Article 10; Qada صبحا clause under Liwa البادية الشمالية",ENT-JO-QADA-CCDC38D92126,,,,"{""data"":""صبحا"",""type"":""string""}",verified
CLM-DFC848494F705867,1.0.0,verified,SRC-UNESCO-WHC-JO-326,official,high,,,2026-08-15,world_heritage_category,True,,,ordinary,"Property 326; description, Ma’an Governorate metadata, inscription year, and coordinates",ENT-JO-SITE-23D0618EACF3,,,,"{""data"":""cultural"",""type"":""string""}",verified
CLM-E0510B53BFF359DE,1.0.0,verified,SRC-UNESCO-WHC-JO-1093,official,high,,,2026-08-15,world_heritage_category,True,,,ordinary,"Property 1093; description, inscription metadata, and geographical component 1093-001 (Castrum)",ENT-JO-SITE-A7CDF244E03B,,,,"{""data"":""cultural"",""type"":""string""}",verified
CLM-E07DE336BF485BE4,1.0.0,verified,SRC-JO-REGULATION-46-2000,official,high,,,2026-08-15,administrative_center,True,,,ordinary,"Regulation No. 46 of 2000, Article 15; Liwa قصبة العقبة clause",ENT-JO-LIWA-31557DB26F65,,,,"{""data"":""العقبة"",""type"":""string""}",verified
CLM-E1C702E9013C5C18,1.0.0,verified,SRC-UNESCO-WHC-JO-327,,high,,,2026-08-15,heritage_scope,True,,,ordinary,"Property 327; description, Az Zarqa Governorate metadata, inscription year, and coordinates",ENT-JO-SITE-ED4533B88F9B,,,,"{""data"":""Early eighth-century Umayyad desert establishment with a reception hall, hammam, and murals."",""type"":""string""}",verified
CLM-E258A65EA8595837,1.0.0,verified,SRC-UNESCO-WHC-TN-2026,official,high,,,,protection_status,True,,,ordinary,World Heritage property 499,ENT-TN-SITE-KAIROUAN,,,,"{""data"":""UNESCO World Heritage property, inscribed 1988"",""type"":""string""}",verified
CLM-E2EF36CF34245555,1.0.0,verified,SRC-UNESCO-WHC-TN-2026,,high,,,,condition,True,,,ordinary,World Heritage property 794 and maps,ENT-TN-SITE-DOUGGA,,,,"{""data"":""Extensive archaeological ruins retaining urban components"",""type"":""string""}",verified
CLM-E435BAEFC3495119,1.0.0,verified,SRC-TN-INS-RGPH-2014,,high,,"Exact 2014 governorate total from INS RGPH Volume 3, PDF page 47.",2014-04-23,population,True,,,ordinary,"Volume 3, PDF p. 47, governorate row: القصرين",ENT-TN-GOVERNORATE-36E4260B310C,person,,,"{""data"":439243,""type"":""integer""}",verified
CLM-E5866320AD6A5143,1.0.0,verified,SRC-TN-INS-RGPH-2014,,high,,"Exact 2014 governorate total from INS RGPH Volume 3, PDF page 47.",2014-04-23,population,True,,,ordinary,"Volume 3, PDF p. 47, governorate row: قفصة",ENT-TN-GOVERNORATE-467CAA2B1928,person,,,"{""data"":337331,""type"":""integer""}",verified
CLM-E5F4BEAC5EFB5443,1.0.0,verified,SRC-UNESCO-WHC-TN-2026,official,high,,,,protection_status,True,,,ordinary,World Heritage property 794 and maps,ENT-TN-SITE-DOUGGA,,,,"{""data"":""UNESCO World Heritage property, inscribed 1997; protected under national heritage law"",""type"":""string""}",verified
CLM-E638E813525F51AD,1.0.0,verified,SRC-JO-REGULATION-46-2000,official,high,,,2026-08-15,administrative_center,True,,,ordinary,"Regulation No. 46 of 2000, Article 10; Qada أم الجمال clause under Liwa البادية الشمالية",ENT-JO-QADA-42444BB59DAB,,,,"{""data"":""أم الجمال"",""type"":""string""}",verified
CLM-E83C3EC976EF5990,1.0.0,verified,SRC-UNESCO-WHC-JO-1377,,high,,,2026-08-15,heritage_scope,True,,,ordinary,"Property 1377; description, mixed-category inscription metadata, and coordinates",ENT-JO-SITE-8D75F7A78E1E,,,,"{""data"":""Mixed natural and cultural protected area in southern Jordan."",""type"":""string""}",verified
CLM-E99BCD7A36765178,1.0.0,verified,SRC-JO-REGULATION-46-2000,official,high,,,2026-08-15,administrative_center,True,,,ordinary,"Regulation No. 46 of 2000, Article 11; Liwa الحسا clause",ENT-JO-LIWA-B02F43E5539D,,,,"{""data"":""الحسا"",""type"":""string""}",verified
CLM-E9E2327683385061,1.0.0,verified,SRC-UNESCO-WHC-JO-1721,official,high,,,2026-08-15,world_heritage_category,True,,,ordinary,"Property 1721; description, inscription metadata, and coordinates",ENT-JO-SITE-CBB3CDB0CBFC,,,,"{""data"":""cultural"",""type"":""string""}",verified
CLM-EA258DC934F755E9,1.0.0,verified,SRC-JO-REGULATION-46-2000,official,high,,,2026-08-15,administrative_center,True,,,ordinary,"Regulation No. 46 of 2000, Article 4; Liwa الجامعة clause",ENT-JO-LIWA-681DE54F703E,,,,"{""data"":""الجبيهة"",""type"":""string""}",verified
CLM-EBEFBE3E47415FD8,1.0.0,verified,SRC-TN-INS-RGPH-2014,,high,,"Exact 2014 governorate total from INS RGPH Volume 3, PDF page 47.",2014-04-23,population,True,,,ordinary,"Volume 3, PDF p. 47, governorate row: سوسة",ENT-TN-GOVERNORATE-07DB5E6D265C,person,,,"{""data"":674818,""type"":""integer""}",verified
CLM-EC9C798BC9D25A35,1.0.0,verified,SRC-JO-REGULATION-46-2000,official,high,,,2026-08-15,administrative_center,True,,,ordinary,"Regulation No. 46 of 2000, Article 9; Liwa الرصيفة clause",ENT-JO-LIWA-7A641B92B630,,,,"{""data"":""الرصيفة"",""type"":""string""}",verified
CLM-EDB19B1426D25151,1.0.0,verified,SRC-UNESCO-WHC-JO-326,official,high,,,2026-08-15,world_heritage_inscription_year,True,,,ordinary,"Property 326; description, Ma’an Governorate metadata, inscription year, and coordinates",ENT-JO-SITE-23D0618EACF3,,,,"{""data"":1985,""type"":""integer""}",verified
CLM-EE0C3305F4EF517E,1.0.0,verified,SRC-UNESCO-WHC-TN-2026,historical,high,,,,period,True,,,ordinary,World Heritage property 498,ENT-TN-SITE-MEDINA-SOUSSE,,,,"{""data"":""Early Islamic coastal town, particularly 9th century"",""type"":""string""}",verified
CLM-EE7DFD1CE3E952F9,1.0.0,verified,SRC-UNESCO-ICH-JO-01849,official,high,,National Jordan scope only; this claim is not copied to any locality.,2026-08-15,food_practice,True,,,ordinary,"Representative List element 01849; element title, description, and 2022 inscription",ENT-JO-COUNTRY,,,,"{""data"":""Al-Mansaf in Jordan: a festive banquet and its social and cultural meanings"",""type"":""string""}",verified
CLM-EF258AECFDD55802,1.0.0,verified,SRC-JO-REGULATION-46-2000,official,high,,,2026-08-15,administrative_center,True,,,ordinary,"Regulation No. 46 of 2000, Article 14; Liwa كفرنجة clause",ENT-JO-LIWA-BEC45993D305,,,,"{""data"":""كفرنجة"",""type"":""string""}",verified
CLM-F203D5391E6A5019,1.0.0,verified,SRC-JO-REGULATION-46-2000,official,high,,,2026-08-15,administrative_center,True,,,ordinary,"Regulation No. 46 of 2000, Article 4; Liwa قصبة عمان clause",ENT-JO-LIWA-BA3FD7081E19,,,,"{""data"":""العبدلي"",""type"":""string""}",verified
CLM-F3949BD3AC6C5E87,1.0.0,verified,SRC-UNESCO-WHC-TN-2026,historical,high,,,,period,True,,,ordinary,World Heritage property 499,ENT-TN-SITE-KAIROUAN,,,,"{""data"":""Founded in 670 CE"",""type"":""string""}",verified
CLM-F407F6B900BC5AFC,1.0.0,verified,SRC-JO-REGULATION-46-2000,official,high,,,2026-08-15,administrative_center,True,,,ordinary,"Regulation No. 46 of 2000, Article 5; Liwa قصبة إربد clause",ENT-JO-LIWA-59748B6817DF,,,,"{""data"":""إربد"",""type"":""string""}",verified
CLM-F45035FC53E5517B,1.0.0,verified,SRC-JO-REGULATION-46-2000,official,high,,,2026-08-15,administrative_center,True,,,ordinary,"Regulation No. 46 of 2000, Article 11; Liwa بصيرا clause",ENT-JO-LIWA-74DBC7283810,,,,"{""data"":""بصيرا"",""type"":""string""}",verified
CLM-F5C0A68D79925284,1.0.0,verified,SRC-UNESCO-ICH-TN-2026,regional,high,,,,craft_practice,True,,,ordinary,ICH element 01406: women from the Sejnane community and village,ENT-TN-VILLAGE-SEJNANE,,,,"{""data"":""Pottery skills of the women of Sejnane"",""type"":""string""}",verified
CLM-F5F0D9591C685C4A,1.0.0,verified,SRC-UNESCO-WHC-TN-2026,official,high,,,,protection_status,True,,,ordinary,World Heritage property 498,ENT-TN-SITE-MEDINA-SOUSSE,,,,"{""data"":""UNESCO World Heritage property, inscribed 1988"",""type"":""string""}",verified
CLM-F94336D7DA555AE3,1.0.0,verified,SRC-TN-INS-RGPH-2014,,high,,"Exact 2014 governorate total from INS RGPH Volume 3, PDF page 47.",2014-04-23,population,True,,,ordinary,"Volume 3, PDF p. 47, governorate row: منوبة",ENT-TN-GOVERNORATE-CC06DF550344,person,,,"{""data"":379518,""type"":""integer""}",verified
CLM-FA70F590185150F4,1.0.0,verified,SRC-TN-INS-RGPH-2014,,high,,"Exact 2014 governorate total from INS RGPH Volume 3, PDF page 47.",2014-04-23,population,True,,,ordinary,"Volume 3, PDF p. 47, governorate row: مدنين",ENT-TN-GOVERNORATE-902616FE3988,person,,,"{""data"":479520,""type"":""integer""}",verified
CLM-FC4887BBB2A4515D,1.0.0,verified,SRC-JO-REGULATION-46-2000,official,high,,,2026-08-15,administrative_center,True,,,ordinary,"Regulation No. 46 of 2000, Article 10; Qada دير الكهف clause under Liwa البادية الشمالية",ENT-JO-QADA-37A05990AA3D,,,,"{""data"":""دير الكهف"",""type"":""string""}",verified
CLM-FD89DB6A95B55CE2,1.0.0,verified,SRC-JO-REGULATION-46-2000,official,high,,,2026-08-15,administrative_center,True,,,ordinary,"Regulation No. 46 of 2000, Article 4; Qada حسبان clause under Liwa ناعور",ENT-JO-QADA-2E0CD2DCACD6,,,,"{""data"":""حسبان"",""type"":""string""}",verified
CLM-FDB583466E2D55FF,1.0.0,verified,SRC-UNESCO-WHC-JO-689,official,high,,,2026-08-15,world_heritage_category,True,,,ordinary,"Property 689rev; description, State Party metadata, inscription year, and coordinates",ENT-JO-SITE-A91A1B1F9D0A,,,,"{""data"":""cultural"",""type"":""string""}",verified
CLM-FE58ECF50A4E5DF4,1.0.0,verified,SRC-JO-REGULATION-46-2000,official,high,,,2026-08-15,administrative_center,True,,,ordinary,"Regulation No. 46 of 2000, Article 15; Qada الديسة clause under Liwa القويرة",ENT-JO-QADA-910DE8E69067,,,,"{""data"":""الديسة"",""type"":""string""}",verified
