id,schema_version,country_code,canonical_name,entity_type,status,canonical_name_language,canonical_source_id,coordinates,legacy_ids,notes,source_locator,valid_from,valid_to
ENT-AE-COUNTRY,1.0.0,AE,الإمارات,country,current,ar,SRC-ISO-3166-1-2020,,[],Project country scope; this entity does not imply local-place completeness.,ISO alpha-2 entry AE,,
ENT-BH-COUNTRY,1.0.0,BH,البحرين,country,current,ar,SRC-ISO-3166-1-2020,,[],Project country scope; this entity does not imply local-place completeness.,ISO alpha-2 entry BH,,
ENT-DJ-COUNTRY,1.0.0,DJ,جيبوتي,country,current,ar,SRC-ISO-3166-1-2020,,[],Project country scope; this entity does not imply local-place completeness.,ISO alpha-2 entry DJ,,
ENT-DZ-COUNTRY,1.0.0,DZ,الجزائر,country,current,ar,SRC-ISO-3166-1-2020,,[],Project country scope; this entity does not imply local-place completeness.,ISO alpha-2 entry DZ,,
ENT-EG-COUNTRY,1.0.0,EG,مصر,country,current,ar,SRC-ISO-3166-1-2020,,[],Project country scope; this entity does not imply local-place completeness.,ISO alpha-2 entry EG,,
ENT-IQ-COUNTRY,1.0.0,IQ,العراق,country,current,ar,SRC-ISO-3166-1-2020,,[],Project country scope; this entity does not imply local-place completeness.,ISO alpha-2 entry IQ,,
ENT-JO-COUNTRY,1.0.0,JO,الأردن,country,current,ar,SRC-ISO-3166-1-2020,,[],Project country scope; this entity does not imply local-place completeness.,ISO alpha-2 entry JO,,
ENT-KM-COUNTRY,1.0.0,KM,جزر القمر,country,current,ar,SRC-ISO-3166-1-2020,,[],Project country scope; this entity does not imply local-place completeness.,ISO alpha-2 entry KM,,
ENT-KW-COUNTRY,1.0.0,KW,الكويت,country,current,ar,SRC-ISO-3166-1-2020,,[],Project country scope; this entity does not imply local-place completeness.,ISO alpha-2 entry KW,,
ENT-LB-COUNTRY,1.0.0,LB,لبنان,country,current,ar,SRC-ISO-3166-1-2020,,[],Project country scope; this entity does not imply local-place completeness.,ISO alpha-2 entry LB,,
ENT-LY-COUNTRY,1.0.0,LY,ليبيا,country,current,ar,SRC-ISO-3166-1-2020,,[],Project country scope; this entity does not imply local-place completeness.,ISO alpha-2 entry LY,,
ENT-LY-MUNICIPALITY-0104004B1CE5,1.0.0,LY,البيضاء,ly_municipality,current,ar,SRC-LY-MOLG-MUNICIPALITIES-2026,,"[""LY-010"",""LY-MU010""]",Current-register match as retrieved on 2026-08-15; legal commencement date was not inferred.,Municipality list entry: البيضاء,,
ENT-LY-MUNICIPALITY-013733073F62,1.0.0,LY,بنغازي,ly_municipality,current,ar,SRC-LY-MOLG-MUNICIPALITIES-2026,,"[""LY-016"",""LY-MU016""]",Current-register match as retrieved on 2026-08-15; legal commencement date was not inferred.,Municipality list entry: بنغازي,,
ENT-LY-MUNICIPALITY-0404B6C75563,1.0.0,LY,القطرون,ly_municipality,current,ar,SRC-LY-MOLG-MUNICIPALITIES-2026,,"[""LY-042"",""LY-MU042""]",Current-register match as retrieved on 2026-08-15; legal commencement date was not inferred.,Municipality list entry: القطرون,,
ENT-LY-MUNICIPALITY-080FA16C04CC,1.0.0,LY,زوارة,ly_municipality,current,ar,SRC-LY-MOLG-MUNICIPALITIES-2026,,"[""LY-067"",""LY-MU067""]",Current-register match as retrieved on 2026-08-15; legal commencement date was not inferred.,Municipality list entry: زوارة,,
ENT-LY-MUNICIPALITY-0B3C562E345A,1.0.0,LY,وازن,ly_municipality,current,ar,SRC-LY-MOLG-MUNICIPALITIES-2026,,"[""LY-087"",""LY-MU087""]",Current-register match as retrieved on 2026-08-15; legal commencement date was not inferred.,Municipality list entry: وازن,,
ENT-LY-MUNICIPALITY-0F4C4033DB6A,1.0.0,LY,المليطانية,ly_municipality,current,ar,SRC-LY-MOLG-MUNICIPALITIES-2026,,"[""LY-092""]",Current-register match as retrieved on 2026-08-15; legal commencement date was not inferred.,Municipality list entry: المليطانية,,
ENT-LY-MUNICIPALITY-124788E0D36B,1.0.0,LY,وادي عتبة,ly_municipality,current,ar,SRC-LY-MOLG-MUNICIPALITIES-2026,,"[""LY-044"",""LY-MU044""]",Current-register match as retrieved on 2026-08-15; legal commencement date was not inferred.,Municipality list entry: وادي عتبة,,
ENT-LY-MUNICIPALITY-14B7549277FE,1.0.0,LY,الجميل,ly_municipality,current,ar,SRC-LY-MOLG-MUNICIPALITIES-2026,,"[""LY-066"",""LY-MU066""]",Current-register match as retrieved on 2026-08-15; legal commencement date was not inferred.,Municipality list entry: الجميل,,
ENT-LY-MUNICIPALITY-19604B73339C,1.0.0,LY,إجدابيا,ly_municipality,current,ar,SRC-LY-MOLG-MUNICIPALITIES-2026,,"[""LY-019"",""LY-MU019""]",Current-register match as retrieved on 2026-08-15; legal commencement date was not inferred.,Municipality list entry: إجدابيا,,
ENT-LY-MUNICIPALITY-1A5203BDE4FA,1.0.0,LY,زلطن,ly_municipality,current,ar,SRC-LY-MOLG-MUNICIPALITIES-2026,,"[""LY-068"",""LY-MU068""]",Current-register match as retrieved on 2026-08-15; legal commencement date was not inferred.,Municipality list entry: زلطن,,
ENT-LY-MUNICIPALITY-20EF5969DF9B,1.0.0,LY,وادي البوانيس,ly_municipality,current,ar,SRC-LY-MOLG-MUNICIPALITIES-2026,,"[""LY-036"",""LY-MU036""]",Current-register match as retrieved on 2026-08-15; legal commencement date was not inferred.,Municipality list entry: وادي البوانيس,,
ENT-LY-MUNICIPALITY-2251FEEEA72E,1.0.0,LY,العزيزية,ly_municipality,current,ar,SRC-LY-MOLG-MUNICIPALITIES-2026,,"[""LY-059"",""LY-MU059""]",Current-register match as retrieved on 2026-08-15; legal commencement date was not inferred.,Municipality list entry: العزيزية,,
ENT-LY-MUNICIPALITY-226719B69FB5,1.0.0,LY,الزنتان,ly_municipality,current,ar,SRC-LY-MOLG-MUNICIPALITIES-2026,,"[""LY-078"",""LY-MU078""]",Current-register match as retrieved on 2026-08-15; legal commencement date was not inferred.,Municipality list entry: الزنتان,,
ENT-LY-MUNICIPALITY-26DC450A3FB8,1.0.0,LY,رقدالين,ly_municipality,current,ar,SRC-LY-MOLG-MUNICIPALITIES-2026,,"[""LY-069"",""LY-MU069""]",Current-register match as retrieved on 2026-08-15; legal commencement date was not inferred.,Municipality list entry: رقدالين,,
ENT-LY-MUNICIPALITY-2B314A80B1E9,1.0.0,LY,سرت,ly_municipality,current,ar,SRC-LY-MOLG-MUNICIPALITIES-2026,,"[""LY-029"",""LY-MU029""]",Current-register match as retrieved on 2026-08-15; legal commencement date was not inferred.,Municipality list entry: سرت,,
ENT-LY-MUNICIPALITY-2C0C4E0A63FB,1.0.0,LY,مرادة,ly_municipality,current,ar,SRC-LY-MOLG-MUNICIPALITIES-2026,,"[""LY-025"",""LY-MU025""]",Current-register match as retrieved on 2026-08-15; legal commencement date was not inferred.,Municipality list entry: مرادة,,
ENT-LY-MUNICIPALITY-3177FB198116,1.0.0,LY,أم الرزم,ly_municipality,current,ar,SRC-LY-MOLG-MUNICIPALITIES-2026,,"[""LY-005"",""LY-MU005""]",Current-register match as retrieved on 2026-08-15; legal commencement date was not inferred.,Municipality list entry: أم الرزم,,
ENT-LY-MUNICIPALITY-3562F31EC9BC,1.0.0,LY,تراغن,ly_municipality,current,ar,SRC-LY-MOLG-MUNICIPALITIES-2026,,"[""LY-043"",""LY-MU043""]",Current-register match as retrieved on 2026-08-15; legal commencement date was not inferred.,Municipality list entry: تراغن,,
ENT-LY-MUNICIPALITY-361A07999C3B,1.0.0,LY,مصراتة,ly_municipality,current,ar,SRC-LY-MOLG-MUNICIPALITIES-2026,,"[""LY-046"",""LY-MU046""]",Current-register match as retrieved on 2026-08-15; legal commencement date was not inferred.,Municipality list entry: مصراتة,,
ENT-LY-MUNICIPALITY-39387C872169,1.0.0,LY,ترهونة,ly_municipality,current,ar,SRC-LY-MOLG-MUNICIPALITIES-2026,,"[""LY-050"",""LY-MU050""]",Current-register match as retrieved on 2026-08-15; legal commencement date was not inferred.,Municipality list entry: ترهونة,,
ENT-LY-MUNICIPALITY-3D5A1B65D468,1.0.0,LY,جردس العبيد,ly_municipality,current,ar,SRC-LY-MOLG-MUNICIPALITIES-2026,,"[""LY-013"",""LY-MU013""]",Current-register match as retrieved on 2026-08-15; legal commencement date was not inferred.,Municipality list entry: جردس العبيد,,
ENT-LY-MUNICIPALITY-3F08A82CF654,1.0.0,LY,الرحيبات,ly_municipality,current,ar,SRC-LY-MOLG-MUNICIPALITIES-2026,,"[""LY-076"",""LY-MU076""]",Current-register match as retrieved on 2026-08-15; legal commencement date was not inferred.,Municipality list entry: الرحيبات,,
ENT-LY-MUNICIPALITY-428A04961AE1,1.0.0,LY,صرمان,ly_municipality,current,ar,SRC-LY-MOLG-MUNICIPALITIES-2026,,"[""LY-063"",""LY-MU063""]",Current-register match as retrieved on 2026-08-15; legal commencement date was not inferred.,Municipality list entry: صرمان,,
ENT-LY-MUNICIPALITY-4433AF57307B,1.0.0,LY,خليج السدرة,ly_municipality,current,ar,SRC-LY-MOLG-MUNICIPALITIES-2026,,"[""LY-027""]",Current-register match as retrieved on 2026-08-15; legal commencement date was not inferred.,Municipality list entry: خليج السدرة,,
ENT-LY-MUNICIPALITY-45A161F8CB47,1.0.0,LY,غريان,ly_municipality,current,ar,SRC-LY-MOLG-MUNICIPALITIES-2026,,"[""LY-070"",""LY-MU070""]",Current-register match as retrieved on 2026-08-15; legal commencement date was not inferred.,Municipality list entry: غريان,,
ENT-LY-MUNICIPALITY-4943A937AB74,1.0.0,LY,الناصرية,ly_municipality,current,ar,SRC-LY-MOLG-MUNICIPALITIES-2026,,"[""LY-094""]",Current-register match as retrieved on 2026-08-15; legal commencement date was not inferred.,Municipality list entry: الناصرية,,
ENT-LY-MUNICIPALITY-4B900A13CFFC,1.0.0,LY,ككلة,ly_municipality,current,ar,SRC-LY-MOLG-MUNICIPALITIES-2026,,"[""LY-072"",""LY-MU072""]",Current-register match as retrieved on 2026-08-15; legal commencement date was not inferred.,Municipality list entry: ككلة,,
ENT-LY-MUNICIPALITY-4C13BE888BC7,1.0.0,LY,الجفرة,ly_municipality,current,ar,SRC-LY-MOLG-MUNICIPALITIES-2026,,"[""LY-031"",""LY-MU031""]",Current-register match as retrieved on 2026-08-15; legal commencement date was not inferred.,Municipality list entry: الجفرة,,
ENT-LY-MUNICIPALITY-4E546CBA4C78,1.0.0,LY,الأبرق,ly_municipality,current,ar,SRC-LY-MOLG-MUNICIPALITIES-2026,,"[""LY-007"",""LY-MU007""]",Current-register match as retrieved on 2026-08-15; legal commencement date was not inferred.,Municipality list entry: الأبرق,,
ENT-LY-MUNICIPALITY-4F6B5309ABE3,1.0.0,LY,القرضة الشاطئ,ly_municipality,current,ar,SRC-LY-MOLG-MUNICIPALITIES-2026,,"[""LY-033"",""LY-MU033""]",Current-register match as retrieved on 2026-08-15; legal commencement date was not inferred.,Municipality list entry: القرضة الشاطئ,,
ENT-LY-MUNICIPALITY-507856C16526,1.0.0,LY,الأبيار,ly_municipality,current,ar,SRC-LY-MOLG-MUNICIPALITIES-2026,,"[""LY-015"",""LY-MU015""]",Current-register match as retrieved on 2026-08-15; legal commencement date was not inferred.,Municipality list entry: الأبيار,,
ENT-LY-MUNICIPALITY-5961D8CD5655,1.0.0,LY,أوجلة,ly_municipality,current,ar,SRC-LY-MOLG-MUNICIPALITIES-2026,,"[""LY-023"",""LY-MU023""]",Current-register match as retrieved on 2026-08-15; legal commencement date was not inferred.,Municipality list entry: أوجلة,,
ENT-LY-MUNICIPALITY-5D6A4BA52C7D,1.0.0,LY,غدامس,ly_municipality,current,ar,SRC-LY-MOLG-MUNICIPALITIES-2026,,"[""LY-090"",""LY-MU090""]",Current-register match as retrieved on 2026-08-15; legal commencement date was not inferred.,Municipality list entry: غدامس,,
ENT-LY-MUNICIPALITY-5E57DAFD65B0,1.0.0,LY,مسلاتة,ly_municipality,current,ar,SRC-LY-MOLG-MUNICIPALITIES-2026,,"[""LY-049"",""LY-MU049""]",Current-register match as retrieved on 2026-08-15; legal commencement date was not inferred.,Municipality list entry: مسلاتة,,
ENT-LY-MUNICIPALITY-5FB50232A71C,1.0.0,LY,غات,ly_municipality,current,ar,SRC-LY-MOLG-MUNICIPALITIES-2026,,"[""LY-040"",""LY-MU040""]",Current-register match as retrieved on 2026-08-15; legal commencement date was not inferred.,Municipality list entry: غات,,
ENT-LY-MUNICIPALITY-639CE53EF9AE,1.0.0,LY,بئر الأشهب,ly_municipality,current,ar,SRC-LY-MOLG-MUNICIPALITIES-2026,,"[""LY-002"",""LY-MU002""]",Current-register match as retrieved on 2026-08-15; legal commencement date was not inferred.,Municipality list entry: بئر الأشهب,,
ENT-LY-MUNICIPALITY-648E18A98114,1.0.0,LY,مرزق,ly_municipality,current,ar,SRC-LY-MOLG-MUNICIPALITIES-2026,,"[""LY-041"",""LY-MU041""]",Current-register match as retrieved on 2026-08-15; legal commencement date was not inferred.,Municipality list entry: مرزق,,
ENT-LY-MUNICIPALITY-6542F9B46B75,1.0.0,LY,الشويرف,ly_municipality,current,ar,SRC-LY-MOLG-MUNICIPALITIES-2026,,"[""LY-081"",""LY-MU081""]",Current-register match as retrieved on 2026-08-15; legal commencement date was not inferred.,Municipality list entry: الشويرف,,
ENT-LY-MUNICIPALITY-679CE4FCE061,1.0.0,LY,كاباو,ly_municipality,current,ar,SRC-LY-MOLG-MUNICIPALITIES-2026,,"[""LY-085"",""LY-MU085""]",Current-register match as retrieved on 2026-08-15; legal commencement date was not inferred.,Municipality list entry: كاباو,,
ENT-LY-MUNICIPALITY-67BDC85C1CB5,1.0.0,LY,تاورغاء,ly_municipality,current,ar,SRC-LY-MOLG-MUNICIPALITIES-2026,,"[""LY-096""]",Current-register match as retrieved on 2026-08-15; legal commencement date was not inferred.,Municipality list entry: تاورغاء,,
ENT-LY-MUNICIPALITY-67FBB89D0610,1.0.0,LY,الزاوية,ly_municipality,current,ar,SRC-LY-MOLG-MUNICIPALITIES-2026,,"[""LY-062"",""LY-MU062""]",Current-register match as retrieved on 2026-08-15; legal commencement date was not inferred.,Municipality list entry: الزاوية,,
ENT-LY-MUNICIPALITY-6B417A6E18B3,1.0.0,LY,الأصابعة,ly_municipality,current,ar,SRC-LY-MOLG-MUNICIPALITIES-2026,,"[""LY-071"",""LY-MU071""]",Current-register match as retrieved on 2026-08-15; legal commencement date was not inferred.,Municipality list entry: الأصابعة,,
ENT-LY-MUNICIPALITY-6BDBE6600EED,1.0.0,LY,القلعة,ly_municipality,current,ar,SRC-LY-MOLG-MUNICIPALITIES-2026,,"[""LY-073"",""LY-MU073""]",Current-register match as retrieved on 2026-08-15; legal commencement date was not inferred.,Municipality list entry: القلعة,,
ENT-LY-MUNICIPALITY-6D4A1C01287B,1.0.0,LY,ساحل الجبل,ly_municipality,current,ar,SRC-LY-MOLG-MUNICIPALITIES-2026,,"[""LY-011"",""LY-MU011""]",Current-register match as retrieved on 2026-08-15; legal commencement date was not inferred.,Municipality list entry: ساحل الجبل,,
ENT-LY-MUNICIPALITY-6D7E4B8D5255,1.0.0,LY,قصر بن غشير,ly_municipality,current,ar,SRC-LY-MOLG-MUNICIPALITIES-2026,,"[""LY-056"",""LY-MU056""]",Current-register match as retrieved on 2026-08-15; legal commencement date was not inferred.,Municipality list entry: قصر بن غشير,,
ENT-LY-MUNICIPALITY-6DCB46097B61,1.0.0,LY,الرجبان,ly_municipality,current,ar,SRC-LY-MOLG-MUNICIPALITIES-2026,,"[""LY-082"",""LY-MU082""]",Current-register match as retrieved on 2026-08-15; legal commencement date was not inferred.,Municipality list entry: الرجبان,,
ENT-LY-MUNICIPALITY-755907720F73,1.0.0,LY,القيقب,ly_municipality,current,ar,SRC-LY-MOLG-MUNICIPALITIES-2026,,"[""LY-008"",""LY-MU008""]",Current-register match as retrieved on 2026-08-15; legal commencement date was not inferred.,Municipality list entry: القيقب,,
ENT-LY-MUNICIPALITY-7636B9BFC526,1.0.0,LY,العجيلات,ly_municipality,current,ar,SRC-LY-MOLG-MUNICIPALITIES-2026,,"[""LY-065"",""LY-MU065""]",Current-register match as retrieved on 2026-08-15; legal commencement date was not inferred.,Municipality list entry: العجيلات,,
ENT-LY-MUNICIPALITY-7A62834C5F28,1.0.0,LY,تاجوراء,ly_municipality,current,ar,SRC-LY-MOLG-MUNICIPALITIES-2026,,"[""LY-054"",""LY-MU054""]",Current-register match as retrieved on 2026-08-15; legal commencement date was not inferred.,Municipality list entry: تاجوراء,,
ENT-LY-MUNICIPALITY-7B6B6750E092,1.0.0,LY,سلوق,ly_municipality,current,ar,SRC-LY-MOLG-MUNICIPALITIES-2026,,"[""LY-017"",""LY-MU017""]",Current-register match as retrieved on 2026-08-15; legal commencement date was not inferred.,Municipality list entry: سلوق,,
ENT-LY-MUNICIPALITY-7FC434299269,1.0.0,LY,إدري الشاطئ,ly_municipality,current,ar,SRC-LY-MOLG-MUNICIPALITIES-2026,,"[""LY-034"",""LY-MU034""]",Current-register match as retrieved on 2026-08-15; legal commencement date was not inferred.,Municipality list entry: إدري الشاطئ,,
ENT-LY-MUNICIPALITY-80B4FBE143D0,1.0.0,LY,امساعد,ly_municipality,current,ar,SRC-LY-MOLG-MUNICIPALITIES-2026,,"[""LY-001"",""LY-MU001""]",Current-register match as retrieved on 2026-08-15; legal commencement date was not inferred.,Municipality list entry: امساعد,,
ENT-LY-MUNICIPALITY-8A2464E3FAC0,1.0.0,LY,نالوت,ly_municipality,current,ar,SRC-LY-MOLG-MUNICIPALITIES-2026,,"[""LY-086"",""LY-MU086""]",Current-register match as retrieved on 2026-08-15; legal commencement date was not inferred.,Municipality list entry: نالوت,,
ENT-LY-MUNICIPALITY-8B369C20A17B,1.0.0,LY,طبرق,ly_municipality,current,ar,SRC-LY-MOLG-MUNICIPALITIES-2026,,"[""LY-003"",""LY-MU003""]",Current-register match as retrieved on 2026-08-15; legal commencement date was not inferred.,Municipality list entry: طبرق,,
ENT-LY-MUNICIPALITY-8C4070B1C459,1.0.0,LY,اجخرة,ly_municipality,current,ar,SRC-LY-MOLG-MUNICIPALITIES-2026,,"[""LY-024"",""LY-MU024""]",Current-register match as retrieved on 2026-08-15; legal commencement date was not inferred.,Municipality list entry: اجخرة,,
ENT-LY-MUNICIPALITY-90065E4F47F0,1.0.0,LY,توكرة,ly_municipality,current,ar,SRC-LY-MOLG-MUNICIPALITIES-2026,,"[""LY-014"",""LY-MU014""]",Current-register match as retrieved on 2026-08-15; legal commencement date was not inferred.,Municipality list entry: توكرة,,
ENT-LY-MUNICIPALITY-91553A623E51,1.0.0,LY,الشرقية,ly_municipality,current,ar,SRC-LY-MOLG-MUNICIPALITIES-2026,,"[""LY-045"",""LY-MU045""]",Current-register match as retrieved on 2026-08-15; legal commencement date was not inferred.,Municipality list entry: الشرقية,,
ENT-LY-MUNICIPALITY-9215CE466738,1.0.0,LY,شحات,ly_municipality,current,ar,SRC-LY-MOLG-MUNICIPALITIES-2026,,"[""LY-009"",""LY-MU009""]",Current-register match as retrieved on 2026-08-15; legal commencement date was not inferred.,Municipality list entry: شحات,,
ENT-LY-MUNICIPALITY-9571F0E2CA7A,1.0.0,LY,أوباري,ly_municipality,current,ar,SRC-LY-MOLG-MUNICIPALITIES-2026,,"[""LY-039"",""LY-MU039""]",Current-register match as retrieved on 2026-08-15; legal commencement date was not inferred.,Municipality list entry: أوباري,,
ENT-LY-MUNICIPALITY-963437A7B495,1.0.0,LY,سبها,ly_municipality,current,ar,SRC-LY-MOLG-MUNICIPALITIES-2026,,"[""LY-035"",""LY-MU035""]",Current-register match as retrieved on 2026-08-15; legal commencement date was not inferred.,Municipality list entry: سبها,,
ENT-LY-MUNICIPALITY-966E30F82E9C,1.0.0,LY,الشقيقة,ly_municipality,current,ar,SRC-LY-MOLG-MUNICIPALITIES-2026,,"[""LY-079"",""LY-MU079""]",Current-register match as retrieved on 2026-08-15; legal commencement date was not inferred.,Municipality list entry: الشقيقة,,
ENT-LY-MUNICIPALITY-987C4C244DF2,1.0.0,LY,جادو,ly_municipality,current,ar,SRC-LY-MOLG-MUNICIPALITIES-2026,,"[""LY-075"",""LY-MU075""]",Current-register match as retrieved on 2026-08-15; legal commencement date was not inferred.,Municipality list entry: جادو,,
ENT-LY-MUNICIPALITY-9B7D2726E57F,1.0.0,LY,الحرابة,ly_municipality,current,ar,SRC-LY-MOLG-MUNICIPALITIES-2026,,"[""LY-084"",""LY-MU084""]",Current-register match as retrieved on 2026-08-15; legal commencement date was not inferred.,Municipality list entry: الحرابة,,
ENT-LY-MUNICIPALITY-9DE4415D3676,1.0.0,LY,انتلات البيضان,ly_municipality,current,ar,SRC-LY-MOLG-MUNICIPALITIES-2026,,"[""LY-095""]",Current-register match as retrieved on 2026-08-15; legal commencement date was not inferred.,Municipality list entry: انتلات البيضان,,
ENT-LY-MUNICIPALITY-AC19BA540992,1.0.0,LY,جالو,ly_municipality,current,ar,SRC-LY-MOLG-MUNICIPALITIES-2026,,"[""LY-022"",""LY-MU022""]",Current-register match as retrieved on 2026-08-15; legal commencement date was not inferred.,Municipality list entry: جالو,,
ENT-LY-MUNICIPALITY-AD0C538A1BA2,1.0.0,LY,المعمورة,ly_municipality,current,ar,SRC-LY-MOLG-MUNICIPALITIES-2026,,"[""LY-091""]",Current-register match as retrieved on 2026-08-15; legal commencement date was not inferred.,Municipality list entry: المعمورة,,
ENT-LY-MUNICIPALITY-B08527085C5E,1.0.0,LY,الحوامد,ly_municipality,current,ar,SRC-LY-MOLG-MUNICIPALITIES-2026,,"[""LY-088"",""LY-MU088""]",Current-register match as retrieved on 2026-08-15; legal commencement date was not inferred.,Municipality list entry: الحوامد,,
ENT-LY-MUNICIPALITY-B25A962E6769,1.0.0,LY,الماية,ly_municipality,current,ar,SRC-LY-MOLG-MUNICIPALITIES-2026,,"[""LY-061"",""LY-MU061""]",Current-register match as retrieved on 2026-08-15; legal commencement date was not inferred.,Municipality list entry: الماية,,
ENT-LY-MUNICIPALITY-B4F67D0D3B02,1.0.0,LY,زليتن,ly_municipality,current,ar,SRC-LY-MOLG-MUNICIPALITIES-2026,,"[""LY-047"",""LY-MU047""]",Current-register match as retrieved on 2026-08-15; legal commencement date was not inferred.,Municipality list entry: زليتن,,
ENT-LY-MUNICIPALITY-B59B50E775C4,1.0.0,LY,هراوة,ly_municipality,current,ar,SRC-LY-MOLG-MUNICIPALITIES-2026,,"[""LY-028"",""LY-MU028""]",Current-register match as retrieved on 2026-08-15; legal commencement date was not inferred.,Municipality list entry: هراوة,,
ENT-LY-MUNICIPALITY-B8BB1C665F4C,1.0.0,LY,البريقة,ly_municipality,current,ar,SRC-LY-MOLG-MUNICIPALITIES-2026,,"[""LY-026"",""LY-MU026""]",Current-register match as retrieved on 2026-08-15; legal commencement date was not inferred.,Municipality list entry: البريقة,,
ENT-LY-MUNICIPALITY-BC0E6D0920C7,1.0.0,LY,الخمس,ly_municipality,current,ar,SRC-LY-MOLG-MUNICIPALITIES-2026,,"[""LY-048"",""LY-MU048""]",Current-register match as retrieved on 2026-08-15; legal commencement date was not inferred.,Municipality list entry: الخمس,,
ENT-LY-MUNICIPALITY-C4EF54B6633F,1.0.0,LY,درنة,ly_municipality,current,ar,SRC-LY-MOLG-MUNICIPALITIES-2026,,"[""LY-004"",""LY-MU004""]",Current-register match as retrieved on 2026-08-15; legal commencement date was not inferred.,Municipality list entry: درنة,,
ENT-LY-MUNICIPALITY-C708E653F362,1.0.0,LY,الكفرة,ly_municipality,current,ar,SRC-LY-MOLG-MUNICIPALITIES-2026,,"[""LY-020"",""LY-MU020""]",Current-register match as retrieved on 2026-08-15; legal commencement date was not inferred.,Municipality list entry: الكفرة,,
ENT-LY-MUNICIPALITY-C8CC4F9CD2B3,1.0.0,LY,صبراتة,ly_municipality,current,ar,SRC-LY-MOLG-MUNICIPALITIES-2026,,"[""LY-064"",""LY-MU064""]",Current-register match as retrieved on 2026-08-15; legal commencement date was not inferred.,Municipality list entry: صبراتة,,
ENT-LY-MUNICIPALITY-CD923B017533,1.0.0,LY,قصر خيار,ly_municipality,current,ar,SRC-LY-MOLG-MUNICIPALITIES-2026,,"[""LY-052"",""LY-MU052""]",Current-register match as retrieved on 2026-08-15; legal commencement date was not inferred.,Municipality list entry: قصر خيار,,
ENT-LY-MUNICIPALITY-CFAF4C305593,1.0.0,LY,القرة بوللي,ly_municipality,current,ar,SRC-LY-MOLG-MUNICIPALITIES-2026,,"[""LY-053"",""LY-MU053""]",Current-register match as retrieved on 2026-08-15; legal commencement date was not inferred.,Municipality list entry: القرة بوللي,,
ENT-LY-MUNICIPALITY-D4A4D9543C77,1.0.0,LY,يفرن,ly_municipality,current,ar,SRC-LY-MOLG-MUNICIPALITIES-2026,,"[""LY-074"",""LY-MU074""]",Current-register match as retrieved on 2026-08-15; legal commencement date was not inferred.,Municipality list entry: يفرن,,
ENT-LY-MUNICIPALITY-D66FFBC10410,1.0.0,LY,الزهراء,ly_municipality,current,ar,SRC-LY-MOLG-MUNICIPALITIES-2026,,"[""LY-060"",""LY-MU060""]",Current-register match as retrieved on 2026-08-15; legal commencement date was not inferred.,Municipality list entry: الزهراء,,
ENT-LY-MUNICIPALITY-DA90C87387CB,1.0.0,LY,تازربو,ly_municipality,current,ar,SRC-LY-MOLG-MUNICIPALITIES-2026,,"[""LY-021"",""LY-MU021""]",Current-register match as retrieved on 2026-08-15; legal commencement date was not inferred.,Municipality list entry: تازربو,,
ENT-LY-MUNICIPALITY-DDBA9DD6B357,1.0.0,LY,الرياينة,ly_municipality,current,ar,SRC-LY-MOLG-MUNICIPALITIES-2026,,"[""LY-077"",""LY-MU077""]",Current-register match as retrieved on 2026-08-15; legal commencement date was not inferred.,Municipality list entry: الرياينة,,
ENT-LY-MUNICIPALITY-EAB6950391C3,1.0.0,LY,نسمة,ly_municipality,current,ar,SRC-LY-MOLG-MUNICIPALITIES-2026,,"[""LY-080"",""LY-MU080""]",Current-register match as retrieved on 2026-08-15; legal commencement date was not inferred.,Municipality list entry: نسمة,,
ENT-LY-MUNICIPALITY-EB47AB2DA81E,1.0.0,LY,قمينس,ly_municipality,current,ar,SRC-LY-MOLG-MUNICIPALITIES-2026,,"[""LY-018"",""LY-MU018""]",Current-register match as retrieved on 2026-08-15; legal commencement date was not inferred.,Municipality list entry: قمينس,,
ENT-LY-MUNICIPALITY-EF3A79E8C3E3,1.0.0,LY,ظاهر الجبل,ly_municipality,current,ar,SRC-LY-MOLG-MUNICIPALITIES-2026,,"[""LY-083"",""LY-MU083""]",Current-register match as retrieved on 2026-08-15; legal commencement date was not inferred.,Municipality list entry: ظاهر الجبل,,
ENT-LY-MUNICIPALITY-EF5D9FE95D5A,1.0.0,LY,القبة,ly_municipality,current,ar,SRC-LY-MOLG-MUNICIPALITIES-2026,,"[""LY-006"",""LY-MU006""]",Current-register match as retrieved on 2026-08-15; legal commencement date was not inferred.,Municipality list entry: القبة,,
ENT-LY-MUNICIPALITY-F35EF09283B9,1.0.0,LY,باطن الجبل,ly_municipality,current,ar,SRC-LY-MOLG-MUNICIPALITIES-2026,,"[""LY-089"",""LY-MU089""]",Current-register match as retrieved on 2026-08-15; legal commencement date was not inferred.,Municipality list entry: باطن الجبل,,
ENT-LY-MUNICIPALITY-F40D066C5986,1.0.0,LY,الغريفة,ly_municipality,current,ar,SRC-LY-MOLG-MUNICIPALITIES-2026,,"[""LY-038"",""LY-MU038""]",Current-register match as retrieved on 2026-08-15; legal commencement date was not inferred.,Municipality list entry: الغريفة,,
ENT-LY-MUNICIPALITY-F454C31BCC2F,1.0.0,LY,براك الشاطئ,ly_municipality,current,ar,SRC-LY-MOLG-MUNICIPALITIES-2026,,"[""LY-032"",""LY-MU032""]",Current-register match as retrieved on 2026-08-15; legal commencement date was not inferred.,Municipality list entry: براك الشاطئ,,
ENT-LY-MUNICIPALITY-F4C69463F75D,1.0.0,LY,جنزور,ly_municipality,current,ar,SRC-LY-MOLG-MUNICIPALITIES-2026,,"[""LY-058"",""LY-MU058""]",Current-register match as retrieved on 2026-08-15; legal commencement date was not inferred.,Municipality list entry: جنزور,,
ENT-LY-MUNICIPALITY-F4FDB1290DF0,1.0.0,LY,بني وليد,ly_municipality,current,ar,SRC-LY-MOLG-MUNICIPALITIES-2026,,"[""LY-051"",""LY-MU051""]",Current-register match as retrieved on 2026-08-15; legal commencement date was not inferred.,Municipality list entry: بني وليد,,
ENT-LY-MUNICIPALITY-F6256406CACA,1.0.0,LY,بنت بية,ly_municipality,current,ar,SRC-LY-MOLG-MUNICIPALITIES-2026,,"[""LY-037"",""LY-MU037""]",Current-register match as retrieved on 2026-08-15; legal commencement date was not inferred.,Municipality list entry: بنت بية,,
ENT-LY-MUNICIPALITY-F64593F40604,1.0.0,LY,المنشية الجميل,ly_municipality,current,ar,SRC-LY-MOLG-MUNICIPALITIES-2026,,"[""LY-093""]",Current-register match as retrieved on 2026-08-15; legal commencement date was not inferred.,Municipality list entry: المنشية الجميل,,
ENT-LY-MUNICIPALITY-FAA732030045,1.0.0,LY,المرج,ly_municipality,current,ar,SRC-LY-MOLG-MUNICIPALITIES-2026,,"[""LY-012"",""LY-MU012""]",Current-register match as retrieved on 2026-08-15; legal commencement date was not inferred.,Municipality list entry: المرج,,
ENT-LY-SHABIYA-HISTORICAL-006A5C4DCB98,1.0.0,LY,البطنان,ly_shabiya_historical,historical,ar,SRC-LY-BSC-CENSUS-2006,,"[""LY-BU""]",Historical 2006 census-region entity; never a parent in the current municipality hierarchy.,2006 census region: البطنان,,
ENT-LY-SHABIYA-HISTORICAL-0592FDC7EC09,1.0.0,LY,الواحات,ly_shabiya_historical,historical,ar,SRC-LY-BSC-CENSUS-2006,,"[""LY-WA""]",Historical 2006 census-region entity; never a parent in the current municipality hierarchy.,2006 census region: الواحات,,
ENT-LY-SHABIYA-HISTORICAL-1171D70742ED,1.0.0,LY,الجبل الغربي,ly_shabiya_historical,historical,ar,SRC-LY-BSC-CENSUS-2006,,"[""LY-JG""]",Historical 2006 census-region entity; never a parent in the current municipality hierarchy.,2006 census region: الجبل الغربي,,
ENT-LY-SHABIYA-HISTORICAL-13C04BB937EA,1.0.0,LY,النقاط الخمس,ly_shabiya_historical,historical,ar,SRC-LY-BSC-CENSUS-2006,,"[""LY-NQ""]",Historical 2006 census-region entity; never a parent in the current municipality hierarchy.,2006 census region: النقاط الخمس,,
ENT-LY-SHABIYA-HISTORICAL-2ECB234DAFD1,1.0.0,LY,سبها,ly_shabiya_historical,historical,ar,SRC-LY-BSC-CENSUS-2006,,"[""LY-SB""]",Historical 2006 census-region entity; never a parent in the current municipality hierarchy.,2006 census region: سبها,,
ENT-LY-SHABIYA-HISTORICAL-350F0AC700A2,1.0.0,LY,درنة,ly_shabiya_historical,historical,ar,SRC-LY-BSC-CENSUS-2006,,"[""LY-DR""]",Historical 2006 census-region entity; never a parent in the current municipality hierarchy.,2006 census region: درنة,,
ENT-LY-SHABIYA-HISTORICAL-37412B45C13A,1.0.0,LY,غات,ly_shabiya_historical,historical,ar,SRC-LY-BSC-CENSUS-2006,,"[""LY-GT""]",Historical 2006 census-region entity; never a parent in the current municipality hierarchy.,2006 census region: غات,,
ENT-LY-SHABIYA-HISTORICAL-3FE7A9F5E139,1.0.0,LY,بنغازي,ly_shabiya_historical,historical,ar,SRC-LY-BSC-CENSUS-2006,,"[""LY-BA""]",Historical 2006 census-region entity; never a parent in the current municipality hierarchy.,2006 census region: بنغازي,,
ENT-LY-SHABIYA-HISTORICAL-4A1A81407ACE,1.0.0,LY,الزاوية,ly_shabiya_historical,historical,ar,SRC-LY-BSC-CENSUS-2006,,"[""LY-ZA""]",Historical 2006 census-region entity; never a parent in the current municipality hierarchy.,2006 census region: الزاوية,,
ENT-LY-SHABIYA-HISTORICAL-517177B2A8BA,1.0.0,LY,وادي الشاطئ,ly_shabiya_historical,historical,ar,SRC-LY-BSC-CENSUS-2006,,"[""LY-WS""]",Historical 2006 census-region entity; never a parent in the current municipality hierarchy.,2006 census region: وادي الشاطئ,,
ENT-LY-SHABIYA-HISTORICAL-60953DB053E4,1.0.0,LY,الجفارة,ly_shabiya_historical,historical,ar,SRC-LY-BSC-CENSUS-2006,,"[""LY-JI""]",Historical 2006 census-region entity; never a parent in the current municipality hierarchy.,2006 census region: الجفارة,,
ENT-LY-SHABIYA-HISTORICAL-621CAAB6A72D,1.0.0,LY,طرابلس,ly_shabiya_historical,historical,ar,SRC-LY-BSC-CENSUS-2006,,"[""LY-TB""]",Historical 2006 census-region entity; never a parent in the current municipality hierarchy.,2006 census region: طرابلس,,
ENT-LY-SHABIYA-HISTORICAL-7CF8895F4680,1.0.0,LY,سرت,ly_shabiya_historical,historical,ar,SRC-LY-BSC-CENSUS-2006,,"[""LY-SR""]",Historical 2006 census-region entity; never a parent in the current municipality hierarchy.,2006 census region: سرت,,
ENT-LY-SHABIYA-HISTORICAL-A3CE9B0282EB,1.0.0,LY,مصراتة,ly_shabiya_historical,historical,ar,SRC-LY-BSC-CENSUS-2006,,"[""LY-MI""]",Historical 2006 census-region entity; never a parent in the current municipality hierarchy.,2006 census region: مصراتة,,
ENT-LY-SHABIYA-HISTORICAL-AB14AFBDADE4,1.0.0,LY,وادي الحياة,ly_shabiya_historical,historical,ar,SRC-LY-BSC-CENSUS-2006,,"[""LY-WD""]",Historical 2006 census-region entity; never a parent in the current municipality hierarchy.,2006 census region: وادي الحياة,,
ENT-LY-SHABIYA-HISTORICAL-B3DDBFEFC011,1.0.0,LY,المرقب,ly_shabiya_historical,historical,ar,SRC-LY-BSC-CENSUS-2006,,"[""LY-MB""]",Historical 2006 census-region entity; never a parent in the current municipality hierarchy.,2006 census region: المرقب,,
ENT-LY-SHABIYA-HISTORICAL-C8414D939B65,1.0.0,LY,المرج,ly_shabiya_historical,historical,ar,SRC-LY-BSC-CENSUS-2006,,"[""LY-MJ""]",Historical 2006 census-region entity; never a parent in the current municipality hierarchy.,2006 census region: المرج,,
ENT-LY-SHABIYA-HISTORICAL-CC5D79EB73D7,1.0.0,LY,الجبل الأخضر,ly_shabiya_historical,historical,ar,SRC-LY-BSC-CENSUS-2006,,"[""LY-JA""]",Historical 2006 census-region entity; never a parent in the current municipality hierarchy.,2006 census region: الجبل الأخضر,,
ENT-LY-SHABIYA-HISTORICAL-D4DEDD38B013,1.0.0,LY,مرزق,ly_shabiya_historical,historical,ar,SRC-LY-BSC-CENSUS-2006,,"[""LY-MQ""]",Historical 2006 census-region entity; never a parent in the current municipality hierarchy.,2006 census region: مرزق,,
ENT-LY-SHABIYA-HISTORICAL-EB71D983D50C,1.0.0,LY,الكفرة,ly_shabiya_historical,historical,ar,SRC-LY-BSC-CENSUS-2006,,"[""LY-KF""]",Historical 2006 census-region entity; never a parent in the current municipality hierarchy.,2006 census region: الكفرة,,
ENT-LY-SHABIYA-HISTORICAL-EF66D4160F5D,1.0.0,LY,الجفرة,ly_shabiya_historical,historical,ar,SRC-LY-BSC-CENSUS-2006,,"[""LY-JU""]",Historical 2006 census-region entity; never a parent in the current municipality hierarchy.,2006 census region: الجفرة,,
ENT-LY-SHABIYA-HISTORICAL-FB593D7CD4D4,1.0.0,LY,نالوت,ly_shabiya_historical,historical,ar,SRC-LY-BSC-CENSUS-2006,,"[""LY-NL""]",Historical 2006 census-region entity; never a parent in the current municipality hierarchy.,2006 census region: نالوت,,
ENT-MA-COUNTRY,1.0.0,MA,المغرب,country,current,ar,SRC-ISO-3166-1-2020,,[],Project country scope; this entity does not imply local-place completeness.,ISO alpha-2 entry MA,,
ENT-MR-COUNTRY,1.0.0,MR,موريتانيا,country,current,ar,SRC-ISO-3166-1-2020,,[],Project country scope; this entity does not imply local-place completeness.,ISO alpha-2 entry MR,,
ENT-OM-COUNTRY,1.0.0,OM,عُمان,country,current,ar,SRC-ISO-3166-1-2020,,[],Project country scope; this entity does not imply local-place completeness.,ISO alpha-2 entry OM,,
ENT-PS-COUNTRY,1.0.0,PS,فلسطين,country,current,ar,SRC-ISO-3166-1-2020,,[],Project country scope; this entity does not imply local-place completeness.,ISO alpha-2 entry PS,,
ENT-QA-COUNTRY,1.0.0,QA,قطر,country,current,ar,SRC-ISO-3166-1-2020,,[],Project country scope; this entity does not imply local-place completeness.,ISO alpha-2 entry QA,,
ENT-SA-COUNTRY,1.0.0,SA,السعودية,country,current,ar,SRC-ISO-3166-1-2020,,[],Project country scope; this entity does not imply local-place completeness.,ISO alpha-2 entry SA,,
ENT-SD-COUNTRY,1.0.0,SD,السودان,country,current,ar,SRC-ISO-3166-1-2020,,[],Project country scope; this entity does not imply local-place completeness.,ISO alpha-2 entry SD,,
ENT-SO-COUNTRY,1.0.0,SO,الصومال,country,current,ar,SRC-ISO-3166-1-2020,,[],Project country scope; this entity does not imply local-place completeness.,ISO alpha-2 entry SO,,
ENT-SY-COUNTRY,1.0.0,SY,سوريا,country,current,ar,SRC-ISO-3166-1-2020,,[],Project country scope; this entity does not imply local-place completeness.,ISO alpha-2 entry SY,,
ENT-TN-COUNTRY,1.0.0,TN,تونس,country,current,ar,SRC-ISO-3166-1-2020,,[],Project country scope; this entity does not imply local-place completeness.,ISO alpha-2 entry TN,,
ENT-TN-DELEGATION-00555D763B13,1.0.0,TN,حاسي الفريد,tn_delegation,current,ar,SRC-TN-MOI-DELEGATIONS-2013,,"[""TN-207""]",,Governorate القصرين; delegation حاسي الفريد,,
ENT-TN-DELEGATION-00E4826B36E2,1.0.0,TN,سجنان,tn_delegation,current,ar,SRC-TN-MOI-DELEGATIONS-2013,,"[""TN-068""]",,Governorate بنزرت; delegation سجنان,,
ENT-TN-DELEGATION-00EC6583A4A3,1.0.0,TN,بني حسان,tn_delegation,current,ar,SRC-TN-MOI-DELEGATIONS-2013,,"[""TN-105""]",,Governorate المنستير; delegation بني حسان,,
ENT-TN-DELEGATION-00F12985BEC9,1.0.0,TN,بني خيار,tn_delegation,current,ar,SRC-TN-MOI-DELEGATIONS-2013,,"[""TN-051""]",,Governorate نابل; delegation بني خيار,,
ENT-TN-DELEGATION-010FEC49E881,1.0.0,TN,دوز الجنوبية,tn_delegation,current,ar,SRC-TN-MOI-DELEGATIONS-2013,,"[""TN-263""]",,Governorate قبلي; delegation دوز الجنوبية,,
ENT-TN-DELEGATION-01345A7C882C,1.0.0,TN,المحمدية,tn_delegation,current,ar,SRC-TN-MOI-DELEGATIONS-2013,,"[""TN-046""]",,Governorate بن عروس; delegation المحمدية,,
ENT-TN-DELEGATION-0156C9A906A2,1.0.0,TN,الوردية,tn_delegation,current,ar,SRC-TN-MOI-DELEGATIONS-2013,,"[""TN-015""]",,Governorate تونس; delegation الوردية,,
ENT-TN-DELEGATION-028DF902ABF9,1.0.0,TN,نفزة,tn_delegation,current,ar,SRC-TN-MOI-DELEGATIONS-2013,,"[""TN-144""]",,Governorate باجة; delegation نفزة,,
ENT-TN-DELEGATION-02E328685503,1.0.0,TN,الصخيرة,tn_delegation,current,ar,SRC-TN-MOI-DELEGATIONS-2013,,"[""TN-138""]",,Governorate صفاقس; delegation الصخيرة,,
ENT-TN-DELEGATION-0410399059C4,1.0.0,TN,توزر,tn_delegation,current,ar,SRC-TN-MOI-DELEGATIONS-2013,,"[""TN-247""]",,Governorate توزر; delegation توزر,,
ENT-TN-DELEGATION-05852EF74252,1.0.0,TN,جبنيانة,tn_delegation,current,ar,SRC-TN-MOI-DELEGATIONS-2013,,"[""TN-132""]",,Governorate صفاقس; delegation جبنيانة,,
ENT-TN-DELEGATION-05AAF8FA23F6,1.0.0,TN,الزاوية القصيبة الثريات,tn_delegation,current,ar,SRC-TN-MOI-DELEGATIONS-2013,,"[""TN-086""]",,Governorate سوسة; delegation الزاوية القصيبة الثريات,,
ENT-TN-DELEGATION-05E0AB3C372D,1.0.0,TN,السرس,tn_delegation,current,ar,SRC-TN-MOI-DELEGATIONS-2013,,"[""TN-169""]",,Governorate الكاف; delegation السرس,,
ENT-TN-DELEGATION-06F62E53748D,1.0.0,TN,بومهل البساتين,tn_delegation,current,ar,SRC-TN-MOI-DELEGATIONS-2013,,"[""TN-042""]",,Governorate بن عروس; delegation بومهل البساتين,,
ENT-TN-DELEGATION-08BF6BF26FFF,1.0.0,TN,قفصة الشمالية,tn_delegation,current,ar,SRC-TN-MOI-DELEGATIONS-2013,,"[""TN-236""]",,Governorate قفصة; delegation قفصة الشمالية,,
ENT-TN-DELEGATION-08DFD967FB8E,1.0.0,TN,باجة الجنوبية,tn_delegation,current,ar,SRC-TN-MOI-DELEGATIONS-2013,,"[""TN-142""]",,Governorate باجة; delegation باجة الجنوبية,,
ENT-TN-DELEGATION-09D1B99F85DC,1.0.0,TN,كسرى,tn_delegation,current,ar,SRC-TN-MOI-DELEGATIONS-2013,,"[""TN-179""]",,Governorate سليانة; delegation كسرى,,
ENT-TN-DELEGATION-0A43143796F7,1.0.0,TN,طبرقة,tn_delegation,current,ar,SRC-TN-MOI-DELEGATIONS-2013,,"[""TN-153""]",,Governorate جندوبة; delegation طبرقة,,
ENT-TN-DELEGATION-0AAD4BD027D5,1.0.0,TN,الدهماني,tn_delegation,current,ar,SRC-TN-MOI-DELEGATIONS-2013,,"[""TN-168""]",,Governorate الكاف; delegation الدهماني,,
ENT-TN-DELEGATION-0B11B353C556,1.0.0,TN,حي الخضراء,tn_delegation,current,ar,SRC-TN-MOI-DELEGATIONS-2013,,"[""TN-009""]",,Governorate تونس; delegation حي الخضراء,,
ENT-TN-DELEGATION-0B9CE76F3AD6,1.0.0,TN,منزل شاكر,tn_delegation,current,ar,SRC-TN-MOI-DELEGATIONS-2013,,"[""TN-135""]",,Governorate صفاقس; delegation منزل شاكر,,
ENT-TN-DELEGATION-0E56BD3D1B3A,1.0.0,TN,الزهراء,tn_delegation,current,ar,SRC-TN-MOI-DELEGATIONS-2013,,"[""TN-043""]",,Governorate بن عروس; delegation الزهراء,,
ENT-TN-DELEGATION-10DD70515DA0,1.0.0,TN,المدينة الجديدة,tn_delegation,current,ar,SRC-TN-MOI-DELEGATIONS-2013,,"[""TN-038""]",,Governorate بن عروس; delegation المدينة الجديدة,,
ENT-TN-DELEGATION-1172E32A37EA,1.0.0,TN,قصيبة المديوني,tn_delegation,current,ar,SRC-TN-MOI-DELEGATIONS-2013,,"[""TN-112""]",,Governorate المنستير; delegation قصيبة المديوني,,
ENT-TN-DELEGATION-11CCF21EE571,1.0.0,TN,رواد,tn_delegation,current,ar,SRC-TN-MOI-DELEGATIONS-2013,,"[""TN-024""]",,Governorate أريانة; delegation رواد,,
ENT-TN-DELEGATION-14077DE6F00B,1.0.0,TN,دار شعبان الفهري,tn_delegation,current,ar,SRC-TN-MOI-DELEGATIONS-2013,,"[""TN-050""]",,Governorate نابل; delegation دار شعبان الفهري,,
ENT-TN-DELEGATION-148C846991C4,1.0.0,TN,جومين,tn_delegation,current,ar,SRC-TN-MOI-DELEGATIONS-2013,,"[""TN-069""]",,Governorate بنزرت; delegation جومين,,
ENT-TN-DELEGATION-14FA2AE0C064,1.0.0,TN,حمام سوسة,tn_delegation,current,ar,SRC-TN-MOI-DELEGATIONS-2013,,"[""TN-090""]",,Governorate سوسة; delegation حمام سوسة,,
ENT-TN-DELEGATION-15A144D6467E,1.0.0,TN,الحنشة,tn_delegation,current,ar,SRC-TN-MOI-DELEGATIONS-2013,,"[""TN-134""]",,Governorate صفاقس; delegation الحنشة,,
ENT-TN-DELEGATION-15D8C5E6532A,1.0.0,TN,ذهيبة,tn_delegation,current,ar,SRC-TN-MOI-DELEGATIONS-2013,,"[""TN-257""]",,Governorate تطاوين; delegation ذهيبة,,
ENT-TN-DELEGATION-17B9E0494EC7,1.0.0,TN,بئر علي بن خليفة,tn_delegation,current,ar,SRC-TN-MOI-DELEGATIONS-2013,,"[""TN-137""]",,Governorate صفاقس; delegation بئر علي بن خليفة,,
ENT-TN-DELEGATION-17D9D56D8808,1.0.0,TN,القطار,tn_delegation,current,ar,SRC-TN-MOI-DELEGATIONS-2013,,"[""TN-244""]",,Governorate قفصة; delegation القطار,,
ENT-TN-DELEGATION-184C444E7833,1.0.0,TN,جدليان,tn_delegation,current,ar,SRC-TN-MOI-DELEGATIONS-2013,,"[""TN-210""]",,Governorate القصرين; delegation جدليان,,
ENT-TN-DELEGATION-19EB9068FDEB,1.0.0,TN,حمام الشط,tn_delegation,current,ar,SRC-TN-MOI-DELEGATIONS-2013,,"[""TN-041""]",,Governorate بن عروس; delegation حمام الشط,,
ENT-TN-DELEGATION-1A266F9B008F,1.0.0,TN,أولاد الشامخ,tn_delegation,current,ar,SRC-TN-MOI-DELEGATIONS-2013,,"[""TN-116""]",,Governorate المهدية; delegation أولاد الشامخ,,
ENT-TN-DELEGATION-1F3317733151,1.0.0,TN,سيدي حسين,tn_delegation,current,ar,SRC-TN-MOI-DELEGATIONS-2013,,"[""TN-014""]",,Governorate تونس; delegation سيدي حسين,,
ENT-TN-DELEGATION-210B7D8A5B50,1.0.0,TN,جربة أجيم,tn_delegation,current,ar,SRC-TN-MOI-DELEGATIONS-2013,,"[""TN-234""]",,Governorate مدنين; delegation جربة أجيم,,
ENT-TN-DELEGATION-21A9D436EAA7,1.0.0,TN,تمغزة,tn_delegation,current,ar,SRC-TN-MOI-DELEGATIONS-2013,,"[""TN-249""]",,Governorate توزر; delegation تمغزة,,
ENT-TN-DELEGATION-21E89D9190E3,1.0.0,TN,سوق الجديد,tn_delegation,current,ar,SRC-TN-MOI-DELEGATIONS-2013,,"[""TN-200""]",,Governorate سيدي بوزيد; delegation سوق الجديد,,
ENT-TN-DELEGATION-2230C03437B2,1.0.0,TN,سكرة,tn_delegation,current,ar,SRC-TN-MOI-DELEGATIONS-2013,,"[""TN-023""]",,Governorate أريانة; delegation سكرة,,
ENT-TN-DELEGATION-22BE73F7EFB2,1.0.0,TN,باب سويقة,tn_delegation,current,ar,SRC-TN-MOI-DELEGATIONS-2013,,"[""TN-004""]",,Governorate تونس; delegation باب سويقة,,
ENT-TN-DELEGATION-25551A4A8808,1.0.0,TN,قربة,tn_delegation,current,ar,SRC-TN-MOI-DELEGATIONS-2013,,"[""TN-052""]",,Governorate نابل; delegation قربة,,
ENT-TN-DELEGATION-2576985BFCE5,1.0.0,TN,الكرم,tn_delegation,current,ar,SRC-TN-MOI-DELEGATIONS-2013,,"[""TN-020""]",,Governorate تونس; delegation الكرم,,
ENT-TN-DELEGATION-2592EE0518F8,1.0.0,TN,الجديدة,tn_delegation,current,ar,SRC-TN-MOI-DELEGATIONS-2013,,"[""TN-033""]",,Governorate منوبة; delegation الجديدة,,
ENT-TN-DELEGATION-27DFBC8894A9,1.0.0,TN,لكريب,tn_delegation,current,ar,SRC-TN-MOI-DELEGATIONS-2013,,"[""TN-175""]",,Governorate سليانة; delegation لكريب,,
ENT-TN-DELEGATION-28027896EDDD,1.0.0,TN,مقرين,tn_delegation,current,ar,SRC-TN-MOI-DELEGATIONS-2013,,"[""TN-045""]",,Governorate بن عروس; delegation مقرين,,
ENT-TN-DELEGATION-28A3B2254932,1.0.0,TN,رأس الجبل,tn_delegation,current,ar,SRC-TN-MOI-DELEGATIONS-2013,,"[""TN-078""]",,Governorate بنزرت; delegation رأس الجبل,,
ENT-TN-DELEGATION-29092E1ECD11,1.0.0,TN,تاكلسة,tn_delegation,current,ar,SRC-TN-MOI-DELEGATIONS-2013,,"[""TN-058""]",,Governorate نابل; delegation تاكلسة,,
ENT-TN-DELEGATION-2A637B595634,1.0.0,TN,ملولش,tn_delegation,current,ar,SRC-TN-MOI-DELEGATIONS-2013,,"[""TN-122""]",,Governorate المهدية; delegation ملولش,,
ENT-TN-DELEGATION-2D3CF4EC1C11,1.0.0,TN,غمراسن,tn_delegation,current,ar,SRC-TN-MOI-DELEGATIONS-2013,,"[""TN-256""]",,Governorate تطاوين; delegation غمراسن,,
ENT-TN-DELEGATION-2F6C05AAB735,1.0.0,TN,الروحية,tn_delegation,current,ar,SRC-TN-MOI-DELEGATIONS-2013,,"[""TN-178""]",,Governorate سليانة; delegation الروحية,,
ENT-TN-DELEGATION-3178EC239E79,1.0.0,TN,جبل الجلود,tn_delegation,current,ar,SRC-TN-MOI-DELEGATIONS-2013,,"[""TN-018""]",,Governorate تونس; delegation جبل الجلود,,
ENT-TN-DELEGATION-3240C5021B36,1.0.0,TN,دقاش,tn_delegation,current,ar,SRC-TN-MOI-DELEGATIONS-2013,,"[""TN-248""]",,Governorate توزر; delegation دقاش,,
ENT-TN-DELEGATION-336FE0336AC9,1.0.0,TN,المطوية,tn_delegation,current,ar,SRC-TN-MOI-DELEGATIONS-2013,,"[""TN-221""]",,Governorate قابس; delegation المطوية,,
ENT-TN-DELEGATION-3487617C49DD,1.0.0,TN,سوسة المدينة,tn_delegation,current,ar,SRC-TN-MOI-DELEGATIONS-2013,,"[""TN-085""]",,Governorate سوسة; delegation سوسة المدينة,,
ENT-TN-DELEGATION-34E2240B6A54,1.0.0,TN,مجاز الباب,tn_delegation,current,ar,SRC-TN-MOI-DELEGATIONS-2013,,"[""TN-149""]",,Governorate باجة; delegation مجاز الباب,,
ENT-TN-DELEGATION-3512572DC050,1.0.0,TN,دوز الشمالية,tn_delegation,current,ar,SRC-TN-MOI-DELEGATIONS-2013,,"[""TN-262""]",,Governorate قبلي; delegation دوز الشمالية,,
ENT-TN-DELEGATION-3568AB5821B0,1.0.0,TN,القيروان الجنوبية,tn_delegation,current,ar,SRC-TN-MOI-DELEGATIONS-2013,,"[""TN-182""]",,Governorate القيروان; delegation القيروان الجنوبية,,
ENT-TN-DELEGATION-36BABB1475F8,1.0.0,TN,تطاوين الشمالية,tn_delegation,current,ar,SRC-TN-MOI-DELEGATIONS-2013,,"[""TN-252""]",,Governorate تطاوين; delegation تطاوين الشمالية,,
ENT-TN-DELEGATION-36D776E11570,1.0.0,TN,غار الدماء,tn_delegation,current,ar,SRC-TN-MOI-DELEGATIONS-2013,,"[""TN-156""]",,Governorate جندوبة; delegation غار الدماء,,
ENT-TN-DELEGATION-3757F6B83BE1,1.0.0,TN,ساقية الداير,tn_delegation,current,ar,SRC-TN-MOI-DELEGATIONS-2013,,"[""TN-128""]",,Governorate صفاقس; delegation ساقية الداير,,
ENT-TN-DELEGATION-37E43863E13C,1.0.0,TN,سليانة الجنوبية,tn_delegation,current,ar,SRC-TN-MOI-DELEGATIONS-2013,,"[""TN-171""]",,Governorate سليانة; delegation سليانة الجنوبية,,
ENT-TN-DELEGATION-381871ACE873,1.0.0,TN,منزل الحبيب,tn_delegation,current,ar,SRC-TN-MOI-DELEGATIONS-2013,,"[""TN-222""]",,Governorate قابس; delegation منزل الحبيب,,
ENT-TN-DELEGATION-386953CDE2D6,1.0.0,TN,المنستير,tn_delegation,current,ar,SRC-TN-MOI-DELEGATIONS-2013,,"[""TN-101""]",,Governorate المنستير; delegation المنستير,,
ENT-TN-DELEGATION-390678B1D4C7,1.0.0,TN,البئر الأحمر,tn_delegation,current,ar,SRC-TN-MOI-DELEGATIONS-2013,,"[""TN-255""]",,Governorate تطاوين; delegation البئر الأحمر,,
ENT-TN-DELEGATION-39EFA7D5C92F,1.0.0,TN,ماطر,tn_delegation,current,ar,SRC-TN-MOI-DELEGATIONS-2013,,"[""TN-070""]",,Governorate بنزرت; delegation ماطر,,
ENT-TN-DELEGATION-3C575B9AF71B,1.0.0,TN,المرسى,tn_delegation,current,ar,SRC-TN-MOI-DELEGATIONS-2013,,"[""TN-021""]",,Governorate تونس; delegation المرسى,,
ENT-TN-DELEGATION-3CEADA31C198,1.0.0,TN,برقو,tn_delegation,current,ar,SRC-TN-MOI-DELEGATIONS-2013,,"[""TN-180""]",,Governorate سليانة; delegation برقو,,
ENT-TN-DELEGATION-3D8C44AF7D14,1.0.0,TN,عين دراهم,tn_delegation,current,ar,SRC-TN-MOI-DELEGATIONS-2013,,"[""TN-154""]",,Governorate جندوبة; delegation عين دراهم,,
ENT-TN-DELEGATION-3DDA099AD6C7,1.0.0,TN,المرناقية,tn_delegation,current,ar,SRC-TN-MOI-DELEGATIONS-2013,,"[""TN-034""]",,Governorate منوبة; delegation المرناقية,,
ENT-TN-DELEGATION-4021556E2BEF,1.0.0,TN,غزالة,tn_delegation,current,ar,SRC-TN-MOI-DELEGATIONS-2013,,"[""TN-071""]",,Governorate بنزرت; delegation غزالة,,
ENT-TN-DELEGATION-40268C8E9C06,1.0.0,TN,سيدي البشير,tn_delegation,current,ar,SRC-TN-MOI-DELEGATIONS-2013,,"[""TN-017""]",,Governorate تونس; delegation سيدي البشير,,
ENT-TN-DELEGATION-40F8C393FB98,1.0.0,TN,الكاف الغربية,tn_delegation,current,ar,SRC-TN-MOI-DELEGATIONS-2013,,"[""TN-159""]",,Governorate الكاف; delegation الكاف الغربية,,
ENT-TN-DELEGATION-434F19B638E3,1.0.0,TN,بلخير,tn_delegation,current,ar,SRC-TN-MOI-DELEGATIONS-2013,,"[""TN-245""]",,Governorate قفصة; delegation بلخير,,
ENT-TN-DELEGATION-43EBF7A156A6,1.0.0,TN,الفحص,tn_delegation,current,ar,SRC-TN-MOI-DELEGATIONS-2013,,"[""TN-082""]",,Governorate زغوان; delegation الفحص,,
ENT-TN-DELEGATION-44DC92075FFF,1.0.0,TN,سوق الأحد,tn_delegation,current,ar,SRC-TN-MOI-DELEGATIONS-2013,,"[""TN-261""]",,Governorate قبلي; delegation سوق الأحد,,
ENT-TN-DELEGATION-46D8F9A49020,1.0.0,TN,الشراردة,tn_delegation,current,ar,SRC-TN-MOI-DELEGATIONS-2013,,"[""TN-190""]",,Governorate القيروان; delegation الشراردة,,
ENT-TN-DELEGATION-46FFC1059453,1.0.0,TN,الفوار,tn_delegation,current,ar,SRC-TN-MOI-DELEGATIONS-2013,,"[""TN-264""]",,Governorate قبلي; delegation الفوار,,
ENT-TN-DELEGATION-47EFAA8BC79F,1.0.0,TN,الجم,tn_delegation,current,ar,SRC-TN-MOI-DELEGATIONS-2013,,"[""TN-120""]",,Governorate المهدية; delegation الجم,,
ENT-TN-DELEGATION-498ED0DE384B,1.0.0,TN,سيدي بوعلي,tn_delegation,current,ar,SRC-TN-MOI-DELEGATIONS-2013,,"[""TN-093""]",,Governorate سوسة; delegation سيدي بوعلي,,
ENT-TN-DELEGATION-4A4ADB1F39D5,1.0.0,TN,رمادة,tn_delegation,current,ar,SRC-TN-MOI-DELEGATIONS-2013,,"[""TN-258""]",,Governorate تطاوين; delegation رمادة,,
ENT-TN-DELEGATION-4A822090C35C,1.0.0,TN,سليمان,tn_delegation,current,ar,SRC-TN-MOI-DELEGATIONS-2013,,"[""TN-059""]",,Governorate نابل; delegation سليمان,,
ENT-TN-DELEGATION-4AE753194B10,1.0.0,TN,منزل بوزلفة,tn_delegation,current,ar,SRC-TN-MOI-DELEGATIONS-2013,,"[""TN-060""]",,Governorate نابل; delegation منزل بوزلفة,,
ENT-TN-DELEGATION-4E58B3CD9CB1,1.0.0,TN,المكنين,tn_delegation,current,ar,SRC-TN-MOI-DELEGATIONS-2013,,"[""TN-108""]",,Governorate المنستير; delegation المكنين,,
ENT-TN-DELEGATION-4F055D8E4C5F,1.0.0,TN,حي التضامن,tn_delegation,current,ar,SRC-TN-MOI-DELEGATIONS-2013,,"[""TN-027""]",,Governorate أريانة; delegation حي التضامن,,
ENT-TN-DELEGATION-529F20CCEFFA,1.0.0,TN,بنزرت الجنوبية,tn_delegation,current,ar,SRC-TN-MOI-DELEGATIONS-2013,,"[""TN-067""]",,Governorate بنزرت; delegation بنزرت الجنوبية,,
ENT-TN-DELEGATION-52AE19694D81,1.0.0,TN,فوسانة,tn_delegation,current,ar,SRC-TN-MOI-DELEGATIONS-2013,,"[""TN-214""]",,Governorate القصرين; delegation فوسانة,,
ENT-TN-DELEGATION-533D4E540C29,1.0.0,TN,نصر الله,tn_delegation,current,ar,SRC-TN-MOI-DELEGATIONS-2013,,"[""TN-189""]",,Governorate القيروان; delegation نصر الله,,
ENT-TN-DELEGATION-5589DBA6CB89,1.0.0,TN,صفاقس الغربية,tn_delegation,current,ar,SRC-TN-MOI-DELEGATIONS-2013,,"[""TN-126""]",,Governorate صفاقس; delegation صفاقس الغربية,,
ENT-TN-DELEGATION-55B6CFADA185,1.0.0,TN,المتلوي,tn_delegation,current,ar,SRC-TN-MOI-DELEGATIONS-2013,,"[""TN-242""]",,Governorate قفصة; delegation المتلوي,,
ENT-TN-DELEGATION-57457D07E717,1.0.0,TN,أم العرائس,tn_delegation,current,ar,SRC-TN-MOI-DELEGATIONS-2013,,"[""TN-240""]",,Governorate قفصة; delegation أم العرائس,,
ENT-TN-DELEGATION-584902C8EEE0,1.0.0,TN,جربة حومة السوق,tn_delegation,current,ar,SRC-TN-MOI-DELEGATIONS-2013,,"[""TN-232""]",,Governorate مدنين; delegation جربة حومة السوق,,
ENT-TN-DELEGATION-5B401B5FE360,1.0.0,TN,قابس الجنوبية,tn_delegation,current,ar,SRC-TN-MOI-DELEGATIONS-2013,,"[""TN-219""]",,Governorate قابس; delegation قابس الجنوبية,,
ENT-TN-DELEGATION-5BAD0A66CCEB,1.0.0,TN,الحامة,tn_delegation,current,ar,SRC-TN-MOI-DELEGATIONS-2013,,"[""TN-223""]",,Governorate قابس; delegation الحامة,,
ENT-TN-DELEGATION-5BB9BF889AC5,1.0.0,TN,مارث,tn_delegation,current,ar,SRC-TN-MOI-DELEGATIONS-2013,,"[""TN-226""]",,Governorate قابس; delegation مارث,,
ENT-TN-DELEGATION-5C87693EF7C1,1.0.0,TN,التحرير,tn_delegation,current,ar,SRC-TN-MOI-DELEGATIONS-2013,,"[""TN-007""]",,Governorate تونس; delegation التحرير,,
ENT-TN-DELEGATION-5CA39F3BFF07,1.0.0,TN,أكودة,tn_delegation,current,ar,SRC-TN-MOI-DELEGATIONS-2013,,"[""TN-091""]",,Governorate سوسة; delegation أكودة,,
ENT-TN-DELEGATION-5CE249CD9A5F,1.0.0,TN,الغريبة,tn_delegation,current,ar,SRC-TN-MOI-DELEGATIONS-2013,,"[""TN-136""]",,Governorate صفاقس; delegation الغريبة,,
ENT-TN-DELEGATION-5D1C1977A0A6,1.0.0,TN,بورويس,tn_delegation,current,ar,SRC-TN-MOI-DELEGATIONS-2013,,"[""TN-176""]",,Governorate سليانة; delegation بورويس,,
ENT-TN-DELEGATION-5D5CDCB7496E,1.0.0,TN,سيدي علوان,tn_delegation,current,ar,SRC-TN-MOI-DELEGATIONS-2013,,"[""TN-123""]",,Governorate المهدية; delegation سيدي علوان,,
ENT-TN-DELEGATION-5D62B4C8161F,1.0.0,TN,سبيطلة,tn_delegation,current,ar,SRC-TN-MOI-DELEGATIONS-2013,,"[""TN-208""]",,Governorate القصرين; delegation سبيطلة,,
ENT-TN-DELEGATION-5E40024695DE,1.0.0,TN,غار الملح,tn_delegation,current,ar,SRC-TN-MOI-DELEGATIONS-2013,,"[""TN-075""]",,Governorate بنزرت; delegation غار الملح,,
ENT-TN-DELEGATION-5E9C54B26170,1.0.0,TN,العلا,tn_delegation,current,ar,SRC-TN-MOI-DELEGATIONS-2013,,"[""TN-187""]",,Governorate القيروان; delegation العلا,,
ENT-TN-DELEGATION-6027493801C5,1.0.0,TN,العمران,tn_delegation,current,ar,SRC-TN-MOI-DELEGATIONS-2013,,"[""TN-005""]",,Governorate تونس; delegation العمران,,
ENT-TN-DELEGATION-6334381D4972,1.0.0,TN,منوبة,tn_delegation,current,ar,SRC-TN-MOI-DELEGATIONS-2013,,"[""TN-029""]",,Governorate منوبة; delegation منوبة,,
ENT-TN-DELEGATION-6417F8B088EB,1.0.0,TN,قصر هلال,tn_delegation,current,ar,SRC-TN-MOI-DELEGATIONS-2013,,"[""TN-111""]",,Governorate المنستير; delegation قصر هلال,,
ENT-TN-DELEGATION-64B47287C7CC,1.0.0,TN,عمدون,tn_delegation,current,ar,SRC-TN-MOI-DELEGATIONS-2013,,"[""TN-143""]",,Governorate باجة; delegation عمدون,,
ENT-TN-DELEGATION-64DB1B613F50,1.0.0,TN,دوار هيشر,tn_delegation,current,ar,SRC-TN-MOI-DELEGATIONS-2013,,"[""TN-036""]",,Governorate منوبة; delegation دوار هيشر,,
ENT-TN-DELEGATION-64DEA9083EA0,1.0.0,TN,شربان,tn_delegation,current,ar,SRC-TN-MOI-DELEGATIONS-2013,,"[""TN-117""]",,Governorate المهدية; delegation شربان,,
ENT-TN-DELEGATION-678C562CAA1C,1.0.0,TN,فوشانة,tn_delegation,current,ar,SRC-TN-MOI-DELEGATIONS-2013,,"[""TN-047""]",,Governorate بن عروس; delegation فوشانة,,
ENT-TN-DELEGATION-69C4DE6E547E,1.0.0,TN,منزل بوزيان,tn_delegation,current,ar,SRC-TN-MOI-DELEGATIONS-2013,,"[""TN-198""]",,Governorate سيدي بوزيد; delegation منزل بوزيان,,
ENT-TN-DELEGATION-6DD1C12A1852,1.0.0,TN,قليبية,tn_delegation,current,ar,SRC-TN-MOI-DELEGATIONS-2013,,"[""TN-055""]",,Governorate نابل; delegation قليبية,,
ENT-TN-DELEGATION-6EC1A2137D0E,1.0.0,TN,الوسلاتية,tn_delegation,current,ar,SRC-TN-MOI-DELEGATIONS-2013,,"[""TN-185""]",,Governorate القيروان; delegation الوسلاتية,,
ENT-TN-DELEGATION-6EFE1FF87CAA,1.0.0,TN,جرجيس,tn_delegation,current,ar,SRC-TN-MOI-DELEGATIONS-2013,,"[""TN-231""]",,Governorate مدنين; delegation جرجيس,,
ENT-TN-DELEGATION-6F8D6872B9E9,1.0.0,TN,بئر الحفي,tn_delegation,current,ar,SRC-TN-MOI-DELEGATIONS-2013,,"[""TN-196""]",,Governorate سيدي بوزيد; delegation بئر الحفي,,
ENT-TN-DELEGATION-706200A5C126,1.0.0,TN,السواسي,tn_delegation,current,ar,SRC-TN-MOI-DELEGATIONS-2013,,"[""TN-119""]",,Governorate المهدية; delegation السواسي,,
ENT-TN-DELEGATION-7075A1113804,1.0.0,TN,قابس المدينة,tn_delegation,current,ar,SRC-TN-MOI-DELEGATIONS-2013,,"[""TN-217""]",,Governorate قابس; delegation قابس المدينة,,
ENT-TN-DELEGATION-70B00114B3C2,1.0.0,TN,الشبيكة,tn_delegation,current,ar,SRC-TN-MOI-DELEGATIONS-2013,,"[""TN-183""]",,Governorate القيروان; delegation الشبيكة,,
ENT-TN-DELEGATION-714F4FED1031,1.0.0,TN,البقالطة,tn_delegation,current,ar,SRC-TN-MOI-DELEGATIONS-2013,,"[""TN-109""]",,Governorate المنستير; delegation البقالطة,,
ENT-TN-DELEGATION-755242916060,1.0.0,TN,الرقاب,tn_delegation,current,ar,SRC-TN-MOI-DELEGATIONS-2013,,"[""TN-202""]",,Governorate سيدي بوزيد; delegation الرقاب,,
ENT-TN-DELEGATION-762D553CB7DA,1.0.0,TN,الزهور,tn_delegation,current,ar,SRC-TN-MOI-DELEGATIONS-2013,,"[""TN-206""]",,Governorate القصرين; delegation الزهور,,
ENT-TN-DELEGATION-7667BCFBBD94,1.0.0,TN,رادس,tn_delegation,current,ar,SRC-TN-MOI-DELEGATIONS-2013,,"[""TN-044""]",,Governorate بن عروس; delegation رادس,,
ENT-TN-DELEGATION-7893E2F13C86,1.0.0,TN,هبيرة,tn_delegation,current,ar,SRC-TN-MOI-DELEGATIONS-2013,,"[""TN-118""]",,Governorate المهدية; delegation هبيرة,,
ENT-TN-DELEGATION-78A6B0904A2B,1.0.0,TN,مكثر,tn_delegation,current,ar,SRC-TN-MOI-DELEGATIONS-2013,,"[""TN-177""]",,Governorate سليانة; delegation مكثر,,
ENT-TN-DELEGATION-7A57DEB42C2E,1.0.0,TN,قفصة الجنوبية,tn_delegation,current,ar,SRC-TN-MOI-DELEGATIONS-2013,,"[""TN-239""]",,Governorate قفصة; delegation قفصة الجنوبية,,
ENT-TN-DELEGATION-7B1B28620EBA,1.0.0,TN,وادي مليز,tn_delegation,current,ar,SRC-TN-MOI-DELEGATIONS-2013,,"[""TN-157""]",,Governorate جندوبة; delegation وادي مليز,,
ENT-TN-DELEGATION-7D060F057E64,1.0.0,TN,قلعة الأندلس,tn_delegation,current,ar,SRC-TN-MOI-DELEGATIONS-2013,,"[""TN-025""]",,Governorate أريانة; delegation قلعة الأندلس,,
ENT-TN-DELEGATION-7D47DBFD2C6B,1.0.0,TN,الوردانين,tn_delegation,current,ar,SRC-TN-MOI-DELEGATIONS-2013,,"[""TN-102""]",,Governorate المنستير; delegation الوردانين,,
ENT-TN-DELEGATION-7D9681B14049,1.0.0,TN,غنوش,tn_delegation,current,ar,SRC-TN-MOI-DELEGATIONS-2013,,"[""TN-220""]",,Governorate قابس; delegation غنوش,,
ENT-TN-DELEGATION-7E9A8227F3FE,1.0.0,TN,حفوز,tn_delegation,current,ar,SRC-TN-MOI-DELEGATIONS-2013,,"[""TN-186""]",,Governorate القيروان; delegation حفوز,,
ENT-TN-DELEGATION-7F9EBE1F4EA1,1.0.0,TN,صيادة لمطة بوحجر,tn_delegation,current,ar,SRC-TN-MOI-DELEGATIONS-2013,,"[""TN-113""]",,Governorate المنستير; delegation صيادة لمطة بوحجر,,
ENT-TN-DELEGATION-819F7F2E27F9,1.0.0,TN,جندوبة,tn_delegation,current,ar,SRC-TN-MOI-DELEGATIONS-2013,,"[""TN-150""]",,Governorate جندوبة; delegation جندوبة,,
ENT-TN-DELEGATION-82A4AF3884E0,1.0.0,TN,بني خداش,tn_delegation,current,ar,SRC-TN-MOI-DELEGATIONS-2013,,"[""TN-229""]",,Governorate مدنين; delegation بني خداش,,
ENT-TN-DELEGATION-83574F602607,1.0.0,TN,قبلي الجنوبية,tn_delegation,current,ar,SRC-TN-MOI-DELEGATIONS-2013,,"[""TN-259""]",,Governorate قبلي; delegation قبلي الجنوبية,,
ENT-TN-DELEGATION-8460EAF855E4,1.0.0,TN,بن عروس,tn_delegation,current,ar,SRC-TN-MOI-DELEGATIONS-2013,,"[""TN-037""]",,Governorate بن عروس; delegation بن عروس,,
ENT-TN-DELEGATION-8708C7088CBC,1.0.0,TN,قرمبالية,tn_delegation,current,ar,SRC-TN-MOI-DELEGATIONS-2013,,"[""TN-062""]",,Governorate نابل; delegation قرمبالية,,
ENT-TN-DELEGATION-88077D99D243,1.0.0,TN,صواف,tn_delegation,current,ar,SRC-TN-MOI-DELEGATIONS-2013,,"[""TN-084""]",,Governorate زغوان; delegation صواف,,
ENT-TN-DELEGATION-89139C7B1553,1.0.0,TN,المزونة,tn_delegation,current,ar,SRC-TN-MOI-DELEGATIONS-2013,,"[""TN-201""]",,Governorate سيدي بوزيد; delegation المزونة,,
ENT-TN-DELEGATION-89B5CE300A2D,1.0.0,TN,باجة الشمالية,tn_delegation,current,ar,SRC-TN-MOI-DELEGATIONS-2013,,"[""TN-141""]",,Governorate باجة; delegation باجة الشمالية,,
ENT-TN-DELEGATION-8B2B3E3BDE8C,1.0.0,TN,بومرداس,tn_delegation,current,ar,SRC-TN-MOI-DELEGATIONS-2013,,"[""TN-115""]",,Governorate المهدية; delegation بومرداس,,
ENT-TN-DELEGATION-8B659FB150BF,1.0.0,TN,العيون,tn_delegation,current,ar,SRC-TN-MOI-DELEGATIONS-2013,,"[""TN-211""]",,Governorate القصرين; delegation العيون,,
ENT-TN-DELEGATION-8C1A5CC41315,1.0.0,TN,القصر,tn_delegation,current,ar,SRC-TN-MOI-DELEGATIONS-2013,,"[""TN-238""]",,Governorate قفصة; delegation القصر,,
ENT-TN-DELEGATION-8CAB25CD1628,1.0.0,TN,البطان,tn_delegation,current,ar,SRC-TN-MOI-DELEGATIONS-2013,,"[""TN-032""]",,Governorate منوبة; delegation البطان,,
ENT-TN-DELEGATION-8CCC58460F99,1.0.0,TN,الميدة,tn_delegation,current,ar,SRC-TN-MOI-DELEGATIONS-2013,,"[""TN-054""]",,Governorate نابل; delegation الميدة,,
ENT-TN-DELEGATION-8CD3CBC66F17,1.0.0,TN,قصور الساف,tn_delegation,current,ar,SRC-TN-MOI-DELEGATIONS-2013,,"[""TN-124""]",,Governorate المهدية; delegation قصور الساف,,
ENT-TN-DELEGATION-907386F80604,1.0.0,TN,أريانة المدينة,tn_delegation,current,ar,SRC-TN-MOI-DELEGATIONS-2013,,"[""TN-022""]",,Governorate أريانة; delegation أريانة المدينة,,
ENT-TN-DELEGATION-909BD4DC039A,1.0.0,TN,نابل,tn_delegation,current,ar,SRC-TN-MOI-DELEGATIONS-2013,,"[""TN-049""]",,Governorate نابل; delegation نابل,,
ENT-TN-DELEGATION-920707B361CE,1.0.0,TN,أوتيك,tn_delegation,current,ar,SRC-TN-MOI-DELEGATIONS-2013,,"[""TN-074""]",,Governorate بنزرت; delegation أوتيك,,
ENT-TN-DELEGATION-93C5837DFCBF,1.0.0,TN,باردو,tn_delegation,current,ar,SRC-TN-MOI-DELEGATIONS-2013,,"[""TN-010""]",,Governorate تونس; delegation باردو,,
ENT-TN-DELEGATION-9571A404E72D,1.0.0,TN,الصمار,tn_delegation,current,ar,SRC-TN-MOI-DELEGATIONS-2013,,"[""TN-254""]",,Governorate تطاوين; delegation الصمار,,
ENT-TN-DELEGATION-9846A16575C2,1.0.0,TN,المكناسي,tn_delegation,current,ar,SRC-TN-MOI-DELEGATIONS-2013,,"[""TN-199""]",,Governorate سيدي بوزيد; delegation المكناسي,,
ENT-TN-DELEGATION-996BCFD91FDD,1.0.0,TN,مطماطة الجديدة,tn_delegation,current,ar,SRC-TN-MOI-DELEGATIONS-2013,,"[""TN-225""]",,Governorate قابس; delegation مطماطة الجديدة,,
ENT-TN-DELEGATION-997BFDED88CF,1.0.0,TN,بوسالم,tn_delegation,current,ar,SRC-TN-MOI-DELEGATIONS-2013,,"[""TN-152""]",,Governorate جندوبة; delegation بوسالم,,
ENT-TN-DELEGATION-99CBAA7046B8,1.0.0,TN,طبربة,tn_delegation,current,ar,SRC-TN-MOI-DELEGATIONS-2013,,"[""TN-031""]",,Governorate منوبة; delegation طبربة,,
ENT-TN-DELEGATION-99EBA5A17CB9,1.0.0,TN,طينة,tn_delegation,current,ar,SRC-TN-MOI-DELEGATIONS-2013,,"[""TN-130""]",,Governorate صفاقس; delegation طينة,,
ENT-TN-DELEGATION-9AB968FD4EE0,1.0.0,TN,تالة,tn_delegation,current,ar,SRC-TN-MOI-DELEGATIONS-2013,,"[""TN-212""]",,Governorate القصرين; delegation تالة,,
ENT-TN-DELEGATION-9ADFA1D292D9,1.0.0,TN,مساكن,tn_delegation,current,ar,SRC-TN-MOI-DELEGATIONS-2013,,"[""TN-099""]",,Governorate سوسة; delegation مساكن,,
ENT-TN-DELEGATION-9BE55C4562EE,1.0.0,TN,السيجومي,tn_delegation,current,ar,SRC-TN-MOI-DELEGATIONS-2013,,"[""TN-011""]",,Governorate تونس; delegation السيجومي,,
ENT-TN-DELEGATION-9CCDCAF94A4A,1.0.0,TN,القيروان الشمالية,tn_delegation,current,ar,SRC-TN-MOI-DELEGATIONS-2013,,"[""TN-181""]",,Governorate القيروان; delegation القيروان الشمالية,,
ENT-TN-DELEGATION-9D12AE8B04F4,1.0.0,TN,الجريصة,tn_delegation,current,ar,SRC-TN-MOI-DELEGATIONS-2013,,"[""TN-166""]",,Governorate الكاف; delegation الجريصة,,
ENT-TN-DELEGATION-9D23A36B72E1,1.0.0,TN,جمال,tn_delegation,current,ar,SRC-TN-MOI-DELEGATIONS-2013,,"[""TN-106""]",,Governorate المنستير; delegation جمال,,
ENT-TN-DELEGATION-9D652FC873EB,1.0.0,TN,سوسة جوهرة,tn_delegation,current,ar,SRC-TN-MOI-DELEGATIONS-2013,,"[""TN-088""]",,Governorate سوسة; delegation سوسة جوهرة,,
ENT-TN-DELEGATION-9F59B0DA797D,1.0.0,TN,وادي الليل,tn_delegation,current,ar,SRC-TN-MOI-DELEGATIONS-2013,,"[""TN-030""]",,Governorate منوبة; delegation وادي الليل,,
ENT-TN-DELEGATION-A16A1E882313,1.0.0,TN,الرديف,tn_delegation,current,ar,SRC-TN-MOI-DELEGATIONS-2013,,"[""TN-241""]",,Governorate قفصة; delegation الرديف,,
ENT-TN-DELEGATION-A1AD72837943,1.0.0,TN,بلطة بوعوان,tn_delegation,current,ar,SRC-TN-MOI-DELEGATIONS-2013,,"[""TN-158""]",,Governorate جندوبة; delegation بلطة بوعوان,,
ENT-TN-DELEGATION-A20DE8BF6185,1.0.0,TN,سيدي عيش,tn_delegation,current,ar,SRC-TN-MOI-DELEGATIONS-2013,,"[""TN-237""]",,Governorate قفصة; delegation سيدي عيش,,
ENT-TN-DELEGATION-A2C2D831ECC0,1.0.0,TN,جندوبة الشمالية,tn_delegation,current,ar,SRC-TN-MOI-DELEGATIONS-2013,,"[""TN-151""]",,Governorate جندوبة; delegation جندوبة الشمالية,,
ENT-TN-DELEGATION-A43DBAE26B8A,1.0.0,TN,صفاقس المدينة,tn_delegation,current,ar,SRC-TN-MOI-DELEGATIONS-2013,,"[""TN-125""]",,Governorate صفاقس; delegation صفاقس المدينة,,
ENT-TN-DELEGATION-A5B79B7F0981,1.0.0,TN,سيدي علي بن عون,tn_delegation,current,ar,SRC-TN-MOI-DELEGATIONS-2013,,"[""TN-197""]",,Governorate سيدي بوزيد; delegation سيدي علي بن عون,,
ENT-TN-DELEGATION-A638A51CF8F7,1.0.0,TN,المظيلة,tn_delegation,current,ar,SRC-TN-MOI-DELEGATIONS-2013,,"[""TN-243""]",,Governorate قفصة; delegation المظيلة,,
ENT-TN-DELEGATION-A6449AC11294,1.0.0,TN,حمام الأنف,tn_delegation,current,ar,SRC-TN-MOI-DELEGATIONS-2013,,"[""TN-040""]",,Governorate بن عروس; delegation حمام الأنف,,
ENT-TN-DELEGATION-A6D2E459547E,1.0.0,TN,السبيخة,tn_delegation,current,ar,SRC-TN-MOI-DELEGATIONS-2013,,"[""TN-184""]",,Governorate القيروان; delegation السبيخة,,
ENT-TN-DELEGATION-A8FC78D96A53,1.0.0,TN,برج العامري,tn_delegation,current,ar,SRC-TN-MOI-DELEGATIONS-2013,,"[""TN-035""]",,Governorate منوبة; delegation برج العامري,,
ENT-TN-DELEGATION-A9463801F6AD,1.0.0,TN,ماجل بلعباس,tn_delegation,current,ar,SRC-TN-MOI-DELEGATIONS-2013,,"[""TN-216""]",,Governorate القصرين; delegation ماجل بلعباس,,
ENT-TN-DELEGATION-A97443748914,1.0.0,TN,تبرسق,tn_delegation,current,ar,SRC-TN-MOI-DELEGATIONS-2013,,"[""TN-145""]",,Governorate باجة; delegation تبرسق,,
ENT-TN-DELEGATION-A9A2E64081DA,1.0.0,TN,حاجب العيون,tn_delegation,current,ar,SRC-TN-MOI-DELEGATIONS-2013,,"[""TN-188""]",,Governorate القيروان; delegation حاجب العيون,,
ENT-TN-DELEGATION-A9FD50013858,1.0.0,TN,بنبلة,tn_delegation,current,ar,SRC-TN-MOI-DELEGATIONS-2013,,"[""TN-107""]",,Governorate المنستير; delegation بنبلة,,
ENT-TN-DELEGATION-AADE7E444312,1.0.0,TN,بنزرت الشمالية,tn_delegation,current,ar,SRC-TN-MOI-DELEGATIONS-2013,,"[""TN-065""]",,Governorate بنزرت; delegation بنزرت الشمالية,,
ENT-TN-DELEGATION-AC41B378E3D9,1.0.0,TN,النفيضة,tn_delegation,current,ar,SRC-TN-MOI-DELEGATIONS-2013,,"[""TN-095""]",,Governorate سوسة; delegation النفيضة,,
ENT-TN-DELEGATION-ACB1178786DC,1.0.0,TN,الهوارية,tn_delegation,current,ar,SRC-TN-MOI-DELEGATIONS-2013,,"[""TN-057""]",,Governorate نابل; delegation الهوارية,,
ENT-TN-DELEGATION-AD509F0A9D79,1.0.0,TN,سبالة أولاد عسكر,tn_delegation,current,ar,SRC-TN-MOI-DELEGATIONS-2013,,"[""TN-195""]",,Governorate سيدي بوزيد; delegation سبالة أولاد عسكر,,
ENT-TN-DELEGATION-AF66ED06B9B8,1.0.0,TN,قعفور,tn_delegation,current,ar,SRC-TN-MOI-DELEGATIONS-2013,,"[""TN-173""]",,Governorate سليانة; delegation قعفور,,
ENT-TN-DELEGATION-AFAE2BE79F31,1.0.0,TN,قابس الغربية,tn_delegation,current,ar,SRC-TN-MOI-DELEGATIONS-2013,,"[""TN-218""]",,Governorate قابس; delegation قابس الغربية,,
ENT-TN-DELEGATION-AFCCE19F1CD3,1.0.0,TN,بوعرقوب,tn_delegation,current,ar,SRC-TN-MOI-DELEGATIONS-2013,,"[""TN-063""]",,Governorate نابل; delegation بوعرقوب,,
ENT-TN-DELEGATION-B06C74E3ED6B,1.0.0,TN,السند,tn_delegation,current,ar,SRC-TN-MOI-DELEGATIONS-2013,,"[""TN-246""]",,Governorate قفصة; delegation السند,,
ENT-TN-DELEGATION-B0C081DB1344,1.0.0,TN,الساحلين,tn_delegation,current,ar,SRC-TN-MOI-DELEGATIONS-2013,,"[""TN-103""]",,Governorate المنستير; delegation الساحلين,,
ENT-TN-DELEGATION-B117D836FA70,1.0.0,TN,مدنين الجنوبية,tn_delegation,current,ar,SRC-TN-MOI-DELEGATIONS-2013,,"[""TN-228""]",,Governorate مدنين; delegation مدنين الجنوبية,,
ENT-TN-DELEGATION-B1DB2FE90D10,1.0.0,TN,عقارب,tn_delegation,current,ar,SRC-TN-MOI-DELEGATIONS-2013,,"[""TN-131""]",,Governorate صفاقس; delegation عقارب,,
ENT-TN-DELEGATION-B426671C7506,1.0.0,TN,المنزه,tn_delegation,current,ar,SRC-TN-MOI-DELEGATIONS-2013,,"[""TN-008""]",,Governorate تونس; delegation المنزه,,
ENT-TN-DELEGATION-B5CD972E98C1,1.0.0,TN,سيدي بوزيد الشرقية,tn_delegation,current,ar,SRC-TN-MOI-DELEGATIONS-2013,,"[""TN-193""]",,Governorate سيدي بوزيد; delegation سيدي بوزيد الشرقية,,
ENT-TN-DELEGATION-B63E32B2BC3F,1.0.0,TN,جلمة,tn_delegation,current,ar,SRC-TN-MOI-DELEGATIONS-2013,,"[""TN-194""]",,Governorate سيدي بوزيد; delegation جلمة,,
ENT-TN-DELEGATION-B8BFE8FFB2B8,1.0.0,TN,المروج,tn_delegation,current,ar,SRC-TN-MOI-DELEGATIONS-2013,,"[""TN-039""]",,Governorate بن عروس; delegation المروج,,
ENT-TN-DELEGATION-B95D26E1207F,1.0.0,TN,الحمامات,tn_delegation,current,ar,SRC-TN-MOI-DELEGATIONS-2013,,"[""TN-064""]",,Governorate نابل; delegation الحمامات,,
ENT-TN-DELEGATION-BACCAA713057,1.0.0,TN,سليانة الشمالية,tn_delegation,current,ar,SRC-TN-MOI-DELEGATIONS-2013,,"[""TN-170""]",,Governorate سليانة; delegation سليانة الشمالية,,
ENT-TN-DELEGATION-BDF031A58E55,1.0.0,TN,طبلبة,tn_delegation,current,ar,SRC-TN-MOI-DELEGATIONS-2013,,"[""TN-110""]",,Governorate المنستير; delegation طبلبة,,
ENT-TN-DELEGATION-BE40270E2393,1.0.0,TN,المحرس,tn_delegation,current,ar,SRC-TN-MOI-DELEGATIONS-2013,,"[""TN-139""]",,Governorate صفاقس; delegation المحرس,,
ENT-TN-DELEGATION-BE50E5DE6BD2,1.0.0,TN,العروسة,tn_delegation,current,ar,SRC-TN-MOI-DELEGATIONS-2013,,"[""TN-174""]",,Governorate سليانة; delegation العروسة,,
ENT-TN-DELEGATION-BFF07C1D0C4A,1.0.0,TN,كندار,tn_delegation,current,ar,SRC-TN-MOI-DELEGATIONS-2013,,"[""TN-097""]",,Governorate سوسة; delegation كندار,,
ENT-TN-DELEGATION-C12FC68E8013,1.0.0,TN,بني خلاد,tn_delegation,current,ar,SRC-TN-MOI-DELEGATIONS-2013,,"[""TN-061""]",,Governorate نابل; delegation بني خلاد,,
ENT-TN-DELEGATION-C151EAFA4BD1,1.0.0,TN,قلعة سنان,tn_delegation,current,ar,SRC-TN-MOI-DELEGATIONS-2013,,"[""TN-164""]",,Governorate الكاف; delegation قلعة سنان,,
ENT-TN-DELEGATION-C2548493A23C,1.0.0,TN,الشابة,tn_delegation,current,ar,SRC-TN-MOI-DELEGATIONS-2013,,"[""TN-121""]",,Governorate المهدية; delegation الشابة,,
ENT-TN-DELEGATION-C41B01AE892E,1.0.0,TN,فريانة,tn_delegation,current,ar,SRC-TN-MOI-DELEGATIONS-2013,,"[""TN-215""]",,Governorate القصرين; delegation فريانة,,
ENT-TN-DELEGATION-C433D277206E,1.0.0,TN,سوسة سيدي عبد الحميد,tn_delegation,current,ar,SRC-TN-MOI-DELEGATIONS-2013,,"[""TN-089""]",,Governorate سوسة; delegation سوسة سيدي عبد الحميد,,
ENT-TN-DELEGATION-C73B8495072E,1.0.0,TN,الزريبة,tn_delegation,current,ar,SRC-TN-MOI-DELEGATIONS-2013,,"[""TN-080""]",,Governorate زغوان; delegation الزريبة,,
ENT-TN-DELEGATION-C7B4FEE5AE08,1.0.0,TN,منزل تميم,tn_delegation,current,ar,SRC-TN-MOI-DELEGATIONS-2013,,"[""TN-053""]",,Governorate نابل; delegation منزل تميم,,
ENT-TN-DELEGATION-C93CA450F43B,1.0.0,TN,حلق الوادي,tn_delegation,current,ar,SRC-TN-MOI-DELEGATIONS-2013,,"[""TN-019""]",,Governorate تونس; delegation حلق الوادي,,
ENT-TN-DELEGATION-CA29D85670F9,1.0.0,TN,القلعة الكبرى,tn_delegation,current,ar,SRC-TN-MOI-DELEGATIONS-2013,,"[""TN-092""]",,Governorate سوسة; delegation القلعة الكبرى,,
ENT-TN-DELEGATION-CB0D8DF8758C,1.0.0,TN,العالية,tn_delegation,current,ar,SRC-TN-MOI-DELEGATIONS-2013,,"[""TN-077""]",,Governorate بنزرت; delegation العالية,,
ENT-TN-DELEGATION-CB23A7885CA7,1.0.0,TN,نفطة,tn_delegation,current,ar,SRC-TN-MOI-DELEGATIONS-2013,,"[""TN-250""]",,Governorate توزر; delegation نفطة,,
ENT-TN-DELEGATION-CC12560912DD,1.0.0,TN,المدينة,tn_delegation,current,ar,SRC-TN-MOI-DELEGATIONS-2013,,"[""TN-002""]",,Governorate تونس; delegation المدينة,,
ENT-TN-DELEGATION-CC185FFE164C,1.0.0,TN,المنيهلة,tn_delegation,current,ar,SRC-TN-MOI-DELEGATIONS-2013,,"[""TN-028""]",,Governorate أريانة; delegation المنيهلة,,
ENT-TN-DELEGATION-CC6DBA2640FB,1.0.0,TN,صفاقس الجنوبية,tn_delegation,current,ar,SRC-TN-MOI-DELEGATIONS-2013,,"[""TN-129""]",,Governorate صفاقس; delegation صفاقس الجنوبية,,
ENT-TN-DELEGATION-CCDB3F1D6604,1.0.0,TN,تستور,tn_delegation,current,ar,SRC-TN-MOI-DELEGATIONS-2013,,"[""TN-147""]",,Governorate باجة; delegation تستور,,
ENT-TN-DELEGATION-CEF958458571,1.0.0,TN,قرطاج,tn_delegation,current,ar,SRC-TN-MOI-DELEGATIONS-2013,,"[""TN-001""]",,Governorate تونس; delegation قرطاج,,
ENT-TN-DELEGATION-D06EBCEA26BA,1.0.0,TN,بوفيشة,tn_delegation,current,ar,SRC-TN-MOI-DELEGATIONS-2013,,"[""TN-096""]",,Governorate سوسة; delegation بوفيشة,,
ENT-TN-DELEGATION-D2E46DB3C8BC,1.0.0,TN,القلعة الخصبة,tn_delegation,current,ar,SRC-TN-MOI-DELEGATIONS-2013,,"[""TN-165""]",,Governorate الكاف; delegation القلعة الخصبة,,
ENT-TN-DELEGATION-D3ABF7936ACA,1.0.0,TN,تطاوين الجنوبية,tn_delegation,current,ar,SRC-TN-MOI-DELEGATIONS-2013,,"[""TN-253""]",,Governorate تطاوين; delegation تطاوين الجنوبية,,
ENT-TN-DELEGATION-D4441080949B,1.0.0,TN,الكاف الشرقية,tn_delegation,current,ar,SRC-TN-MOI-DELEGATIONS-2013,,"[""TN-160""]",,Governorate الكاف; delegation الكاف الشرقية,,
ENT-TN-DELEGATION-D4FC46D8AB0D,1.0.0,TN,مرناق,tn_delegation,current,ar,SRC-TN-MOI-DELEGATIONS-2013,,"[""TN-048""]",,Governorate بن عروس; delegation مرناق,,
ENT-TN-DELEGATION-D52472FD9496,1.0.0,TN,زغوان,tn_delegation,current,ar,SRC-TN-MOI-DELEGATIONS-2013,,"[""TN-079""]",,Governorate زغوان; delegation زغوان,,
ENT-TN-DELEGATION-D555F337D568,1.0.0,TN,حيدرة,tn_delegation,current,ar,SRC-TN-MOI-DELEGATIONS-2013,,"[""TN-213""]",,Governorate القصرين; delegation حيدرة,,
ENT-TN-DELEGATION-D592FC6CD4D2,1.0.0,TN,الكبارية,tn_delegation,current,ar,SRC-TN-MOI-DELEGATIONS-2013,,"[""TN-016""]",,Governorate تونس; delegation الكبارية,,
ENT-TN-DELEGATION-D59DE8736127,1.0.0,TN,حمام الأغزاز,tn_delegation,current,ar,SRC-TN-MOI-DELEGATIONS-2013,,"[""TN-056""]",,Governorate نابل; delegation حمام الأغزاز,,
ENT-TN-DELEGATION-D75198EE6BB5,1.0.0,TN,الزهور,tn_delegation,current,ar,SRC-TN-MOI-DELEGATIONS-2013,,"[""TN-012""]",,Governorate تونس; delegation الزهور,,
ENT-TN-DELEGATION-D77747883E55,1.0.0,TN,ساقية سيدي يوسف,tn_delegation,current,ar,SRC-TN-MOI-DELEGATIONS-2013,,"[""TN-162""]",,Governorate الكاف; delegation ساقية سيدي يوسف,,
ENT-TN-DELEGATION-D8723103173B,1.0.0,TN,العامرة,tn_delegation,current,ar,SRC-TN-MOI-DELEGATIONS-2013,,"[""TN-133""]",,Governorate صفاقس; delegation العامرة,,
ENT-TN-DELEGATION-DAC482090AC5,1.0.0,TN,حزوة,tn_delegation,current,ar,SRC-TN-MOI-DELEGATIONS-2013,,"[""TN-251""]",,Governorate توزر; delegation حزوة,,
ENT-TN-DELEGATION-DB05A1325AE3,1.0.0,TN,سيدي بوزيد الغربية,tn_delegation,current,ar,SRC-TN-MOI-DELEGATIONS-2013,,"[""TN-192""]",,Governorate سيدي بوزيد; delegation سيدي بوزيد الغربية,,
ENT-TN-DELEGATION-DEB9F3EFCD2D,1.0.0,TN,قبلي الشمالية,tn_delegation,current,ar,SRC-TN-MOI-DELEGATIONS-2013,,"[""TN-260""]",,Governorate قبلي; delegation قبلي الشمالية,,
ENT-TN-DELEGATION-E3E9C5077EA4,1.0.0,TN,القصور,tn_delegation,current,ar,SRC-TN-MOI-DELEGATIONS-2013,,"[""TN-167""]",,Governorate الكاف; delegation القصور,,
ENT-TN-DELEGATION-E401587A83A1,1.0.0,TN,سيدي الهاني,tn_delegation,current,ar,SRC-TN-MOI-DELEGATIONS-2013,,"[""TN-098""]",,Governorate سوسة; delegation سيدي الهاني,,
ENT-TN-DELEGATION-E45902371203,1.0.0,TN,أولاد حفوز,tn_delegation,current,ar,SRC-TN-MOI-DELEGATIONS-2013,,"[""TN-203""]",,Governorate سيدي بوزيد; delegation أولاد حفوز,,
ENT-TN-DELEGATION-E56B524C71BE,1.0.0,TN,المهدية,tn_delegation,current,ar,SRC-TN-MOI-DELEGATIONS-2013,,"[""TN-114""]",,Governorate المهدية; delegation المهدية,,
ENT-TN-DELEGATION-E6F9AC3B6A1F,1.0.0,TN,بوعرادة,tn_delegation,current,ar,SRC-TN-MOI-DELEGATIONS-2013,,"[""TN-172""]",,Governorate سليانة; delegation بوعرادة,,
ENT-TN-DELEGATION-E83D07EB9C29,1.0.0,TN,قرقنة,tn_delegation,current,ar,SRC-TN-MOI-DELEGATIONS-2013,,"[""TN-140""]",,Governorate صفاقس; delegation قرقنة,,
ENT-TN-DELEGATION-E8E2CE15323A,1.0.0,TN,قبلاط,tn_delegation,current,ar,SRC-TN-MOI-DELEGATIONS-2013,,"[""TN-148""]",,Governorate باجة; delegation قبلاط,,
ENT-TN-DELEGATION-E8E567F03E9D,1.0.0,TN,تيبار,tn_delegation,current,ar,SRC-TN-MOI-DELEGATIONS-2013,,"[""TN-146""]",,Governorate باجة; delegation تيبار,,
ENT-TN-DELEGATION-E8F02D6B4EF9,1.0.0,TN,القلعة الصغرى,tn_delegation,current,ar,SRC-TN-MOI-DELEGATIONS-2013,,"[""TN-100""]",,Governorate سوسة; delegation القلعة الصغرى,,
ENT-TN-DELEGATION-EA875BA2BFE0,1.0.0,TN,ساقية الزيت,tn_delegation,current,ar,SRC-TN-MOI-DELEGATIONS-2013,,"[""TN-127""]",,Governorate صفاقس; delegation ساقية الزيت,,
ENT-TN-DELEGATION-ECE5F1EB80F4,1.0.0,TN,الناظور,tn_delegation,current,ar,SRC-TN-MOI-DELEGATIONS-2013,,"[""TN-083""]",,Governorate زغوان; delegation الناظور,,
ENT-TN-DELEGATION-EE60D65B9935,1.0.0,TN,مدنين الشمالية,tn_delegation,current,ar,SRC-TN-MOI-DELEGATIONS-2013,,"[""TN-227""]",,Governorate مدنين; delegation مدنين الشمالية,,
ENT-TN-DELEGATION-EE9A7B5ED169,1.0.0,TN,سيدي ثابت,tn_delegation,current,ar,SRC-TN-MOI-DELEGATIONS-2013,,"[""TN-026""]",,Governorate أريانة; delegation سيدي ثابت,,
ENT-TN-DELEGATION-EF5957AC15F4,1.0.0,TN,هرقلة,tn_delegation,current,ar,SRC-TN-MOI-DELEGATIONS-2013,,"[""TN-094""]",,Governorate سوسة; delegation هرقلة,,
ENT-TN-DELEGATION-EFAC1514C55E,1.0.0,TN,زرمدين,tn_delegation,current,ar,SRC-TN-MOI-DELEGATIONS-2013,,"[""TN-104""]",,Governorate المنستير; delegation زرمدين,,
ENT-TN-DELEGATION-F0023FB066A4,1.0.0,TN,سوسة الرياض,tn_delegation,current,ar,SRC-TN-MOI-DELEGATIONS-2013,,"[""TN-087""]",,Governorate سوسة; delegation سوسة الرياض,,
ENT-TN-DELEGATION-F0E269317685,1.0.0,TN,القصرين الشمالية,tn_delegation,current,ar,SRC-TN-MOI-DELEGATIONS-2013,,"[""TN-204""]",,Governorate القصرين; delegation القصرين الشمالية,,
ENT-TN-DELEGATION-F12F59DBC46E,1.0.0,TN,فرنانة,tn_delegation,current,ar,SRC-TN-MOI-DELEGATIONS-2013,,"[""TN-155""]",,Governorate جندوبة; delegation فرنانة,,
ENT-TN-DELEGATION-F153AA210A4D,1.0.0,TN,نبر,tn_delegation,current,ar,SRC-TN-MOI-DELEGATIONS-2013,,"[""TN-161""]",,Governorate الكاف; delegation نبر,,
ENT-TN-DELEGATION-F3529789545D,1.0.0,TN,منزل بورقيبة,tn_delegation,current,ar,SRC-TN-MOI-DELEGATIONS-2013,,"[""TN-072""]",,Governorate بنزرت; delegation منزل بورقيبة,,
ENT-TN-DELEGATION-F66C4659B2C0,1.0.0,TN,جربة ميدون,tn_delegation,current,ar,SRC-TN-MOI-DELEGATIONS-2013,,"[""TN-233""]",,Governorate مدنين; delegation جربة ميدون,,
ENT-TN-DELEGATION-F68992D7EA16,1.0.0,TN,العمران الأعلى,tn_delegation,current,ar,SRC-TN-MOI-DELEGATIONS-2013,,"[""TN-006""]",,Governorate تونس; delegation العمران الأعلى,,
ENT-TN-DELEGATION-F6FA367C4B52,1.0.0,TN,سيدي مخلوف,tn_delegation,current,ar,SRC-TN-MOI-DELEGATIONS-2013,,"[""TN-235""]",,Governorate مدنين; delegation سيدي مخلوف,,
ENT-TN-DELEGATION-F7614EE1CE5C,1.0.0,TN,مطماطة,tn_delegation,current,ar,SRC-TN-MOI-DELEGATIONS-2013,,"[""TN-224""]",,Governorate قابس; delegation مطماطة,,
ENT-TN-DELEGATION-F7ED1EE6DC53,1.0.0,TN,منزل جميل,tn_delegation,current,ar,SRC-TN-MOI-DELEGATIONS-2013,,"[""TN-076""]",,Governorate بنزرت; delegation منزل جميل,,
ENT-TN-DELEGATION-F7ED4B759BD6,1.0.0,TN,بن قردان,tn_delegation,current,ar,SRC-TN-MOI-DELEGATIONS-2013,,"[""TN-230""]",,Governorate مدنين; delegation بن قردان,,
ENT-TN-DELEGATION-F9557E5DC693,1.0.0,TN,بوحجلة,tn_delegation,current,ar,SRC-TN-MOI-DELEGATIONS-2013,,"[""TN-191""]",,Governorate القيروان; delegation بوحجلة,,
ENT-TN-DELEGATION-FA7572893BAA,1.0.0,TN,القصرين الجنوبية,tn_delegation,current,ar,SRC-TN-MOI-DELEGATIONS-2013,,"[""TN-205""]",,Governorate القصرين; delegation القصرين الجنوبية,,
ENT-TN-DELEGATION-FCEB64E05ED0,1.0.0,TN,جرزونة,tn_delegation,current,ar,SRC-TN-MOI-DELEGATIONS-2013,,"[""TN-066""]",,Governorate بنزرت; delegation جرزونة,,
ENT-TN-DELEGATION-FD2AE43A4C3D,1.0.0,TN,سبيبة,tn_delegation,current,ar,SRC-TN-MOI-DELEGATIONS-2013,,"[""TN-209""]",,Governorate القصرين; delegation سبيبة,,
ENT-TN-DELEGATION-FE081F997DC5,1.0.0,TN,الحرائرية,tn_delegation,current,ar,SRC-TN-MOI-DELEGATIONS-2013,,"[""TN-013""]",,Governorate تونس; delegation الحرائرية,,
ENT-TN-DELEGATION-FE6A0D05DF67,1.0.0,TN,بئر مشارقة,tn_delegation,current,ar,SRC-TN-MOI-DELEGATIONS-2013,,"[""TN-081""]",,Governorate زغوان; delegation بئر مشارقة,,
ENT-TN-DELEGATION-FE7ADA16AB50,1.0.0,TN,باب البحر,tn_delegation,current,ar,SRC-TN-MOI-DELEGATIONS-2013,,"[""TN-003""]",,Governorate تونس; delegation باب البحر,,
ENT-TN-DELEGATION-FF2BD30691C0,1.0.0,TN,تاجروين,tn_delegation,current,ar,SRC-TN-MOI-DELEGATIONS-2013,,"[""TN-163""]",,Governorate الكاف; delegation تاجروين,,
ENT-TN-DELEGATION-FFE2346B14CF,1.0.0,TN,تينجة,tn_delegation,current,ar,SRC-TN-MOI-DELEGATIONS-2013,,"[""TN-073""]",,Governorate بنزرت; delegation تينجة,,
ENT-TN-GOVERNORATE-07DB5E6D265C,1.0.0,TN,سوسة,tn_governorate,current,ar,SRC-TN-MOI-DELEGATIONS-2013,,"[""TN-51"",""TN-W-سوسة""]",,Governorate row: سوسة,,
ENT-TN-GOVERNORATE-0D738EAC753C,1.0.0,TN,الكاف,tn_governorate,current,ar,SRC-TN-MOI-DELEGATIONS-2013,,"[""TN-33"",""TN-W-الكاف""]",,Governorate row: الكاف,,
ENT-TN-GOVERNORATE-1864AE41D5B4,1.0.0,TN,قبلي,tn_governorate,current,ar,SRC-TN-MOI-DELEGATIONS-2013,,"[""TN-73"",""TN-W-قبلي""]",,Governorate row: قبلي,,
ENT-TN-GOVERNORATE-36E4260B310C,1.0.0,TN,القصرين,tn_governorate,current,ar,SRC-TN-MOI-DELEGATIONS-2013,,"[""TN-42"",""TN-W-القصرين""]",,Governorate row: القصرين,,
ENT-TN-GOVERNORATE-467CAA2B1928,1.0.0,TN,قفصة,tn_governorate,current,ar,SRC-TN-MOI-DELEGATIONS-2013,,"[""TN-71"",""TN-W-قفصة""]",,Governorate row: قفصة,,
ENT-TN-GOVERNORATE-47F772AA4A84,1.0.0,TN,سيدي بوزيد,tn_governorate,current,ar,SRC-TN-MOI-DELEGATIONS-2013,,"[""TN-43"",""TN-W-سيدي بوزيد""]",,Governorate row: سيدي بوزيد,,
ENT-TN-GOVERNORATE-5BC9A7217C8C,1.0.0,TN,المنستير,tn_governorate,current,ar,SRC-TN-MOI-DELEGATIONS-2013,,"[""TN-52"",""TN-W-المنستير""]",,Governorate row: المنستير,,
ENT-TN-GOVERNORATE-78D6D85AF6A0,1.0.0,TN,أريانة,tn_governorate,current,ar,SRC-TN-MOI-DELEGATIONS-2013,,"[""TN-12"",""TN-W-أريانة""]",,Governorate row: أريانة,,
ENT-TN-GOVERNORATE-7A4D0C3A889C,1.0.0,TN,جندوبة,tn_governorate,current,ar,SRC-TN-MOI-DELEGATIONS-2013,,"[""TN-32"",""TN-W-جندوبة""]",,Governorate row: جندوبة,,
ENT-TN-GOVERNORATE-81845FB6BE40,1.0.0,TN,زغوان,tn_governorate,current,ar,SRC-TN-MOI-DELEGATIONS-2013,,"[""TN-22"",""TN-W-زغوان""]",,Governorate row: زغوان,,
ENT-TN-GOVERNORATE-902616FE3988,1.0.0,TN,مدنين,tn_governorate,current,ar,SRC-TN-MOI-DELEGATIONS-2013,,"[""TN-82"",""TN-W-مدنين""]",,Governorate row: مدنين,,
ENT-TN-GOVERNORATE-97D2B1489F90,1.0.0,TN,صفاقس,tn_governorate,current,ar,SRC-TN-MOI-DELEGATIONS-2013,,"[""TN-61"",""TN-W-صفاقس""]",,Governorate row: صفاقس,,
ENT-TN-GOVERNORATE-A460B4F223EB,1.0.0,TN,سليانة,tn_governorate,current,ar,SRC-TN-MOI-DELEGATIONS-2013,,"[""TN-34"",""TN-W-سليانة""]",,Governorate row: سليانة,,
ENT-TN-GOVERNORATE-B1787F907937,1.0.0,TN,بنزرت,tn_governorate,current,ar,SRC-TN-MOI-DELEGATIONS-2013,,"[""TN-23"",""TN-W-بنزرت""]",,Governorate row: بنزرت,,
ENT-TN-GOVERNORATE-CC06DF550344,1.0.0,TN,منوبة,tn_governorate,current,ar,SRC-TN-MOI-DELEGATIONS-2013,,"[""TN-14"",""TN-W-منوبة""]",,Governorate row: منوبة,,
ENT-TN-GOVERNORATE-D28A09D558AD,1.0.0,TN,القيروان,tn_governorate,current,ar,SRC-TN-MOI-DELEGATIONS-2013,,"[""TN-41"",""TN-W-القيروان""]",,Governorate row: القيروان,,
ENT-TN-GOVERNORATE-D5ED89886664,1.0.0,TN,بن عروس,tn_governorate,current,ar,SRC-TN-MOI-DELEGATIONS-2013,,"[""TN-13"",""TN-W-بن عروس""]",,Governorate row: بن عروس,,
ENT-TN-GOVERNORATE-D7972CC63F7E,1.0.0,TN,توزر,tn_governorate,current,ar,SRC-TN-MOI-DELEGATIONS-2013,,"[""TN-72"",""TN-W-توزر""]",,Governorate row: توزر,,
ENT-TN-GOVERNORATE-DAC2A2592975,1.0.0,TN,تطاوين,tn_governorate,current,ar,SRC-TN-MOI-DELEGATIONS-2013,,"[""TN-83"",""TN-W-تطاوين""]",,Governorate row: تطاوين,,
ENT-TN-GOVERNORATE-DB8D5C457676,1.0.0,TN,تونس,tn_governorate,current,ar,SRC-TN-MOI-DELEGATIONS-2013,,"[""TN-11"",""TN-W-تونس""]",,Governorate row: تونس,,
ENT-TN-GOVERNORATE-DF747014232C,1.0.0,TN,قابس,tn_governorate,current,ar,SRC-TN-MOI-DELEGATIONS-2013,,"[""TN-81"",""TN-W-قابس""]",,Governorate row: قابس,,
ENT-TN-GOVERNORATE-E7D96FEF5043,1.0.0,TN,المهدية,tn_governorate,current,ar,SRC-TN-MOI-DELEGATIONS-2013,,"[""TN-53"",""TN-W-المهدية""]",,Governorate row: المهدية,,
ENT-TN-GOVERNORATE-EA2D44B4F25E,1.0.0,TN,باجة,tn_governorate,current,ar,SRC-TN-MOI-DELEGATIONS-2013,,"[""TN-31"",""TN-W-باجة""]",,Governorate row: باجة,,
ENT-TN-GOVERNORATE-EA30E853F598,1.0.0,TN,نابل,tn_governorate,current,ar,SRC-TN-MOI-DELEGATIONS-2013,,"[""TN-21"",""TN-W-نابل""]",,Governorate row: نابل,,
ENT-YE-COUNTRY,1.0.0,YE,اليمن,country,current,ar,SRC-ISO-3166-1-2020,,[],Project country scope; this entity does not imply local-place completeness.,ISO alpha-2 entry YE,,
